{
    "uvs": [],
    "name": "Cube.136Geometry",
    "normals": [-0.630482,0.633412,-0.448592,0.519669,0.662831,-0.539018,0.537461,-0.481552,-0.692251,-0.61388,-0.51091,-0.601733,-0.52031,-0.665181,0.535508,-0.536393,0.478225,0.695364,0.63094,-0.635762,0.444594,0.613788,0.507675,0.604541],
    "vertices": [0.171219,1.15157,0.3473,0.167233,1.15146,0.347613,0.173735,1.14073,0.426645,0.177722,1.14084,0.42633,0.17128,1.1476,0.346779,0.167293,1.1475,0.347092,0.173792,1.13677,0.426082,0.177778,1.13688,0.425767],
    "metadata": {
        "uvs": 0,
        "type": "Geometry",
        "version": 3,
        "normals": 8,
        "generator": "io_three",
        "vertices": 8,
        "faces": 6
    },
    "faces": [33,1,0,4,5,0,1,2,3,33,5,6,2,1,3,4,5,0,33,6,7,3,2,4,6,7,5,33,0,3,7,4,1,7,6,2,33,0,1,2,3,1,0,5,7,33,7,6,5,4,6,4,3,2]
}