{
    "uvs": [],
    "name": "Cube.134Geometry",
    "normals": [-0.630573,0.627186,-0.457137,0.519639,0.656484,-0.546739,0.538591,-0.489669,-0.685629,-0.612812,-0.518937,-0.595904,-0.52031,-0.659047,0.543046,-0.537461,0.48619,0.688986,0.631092,-0.629719,0.452925,0.61269,0.515549,0.598956,0.539811,-0.498093,-0.678579,-0.611713,-0.527268,-0.589679,-0.630634,0.620563,-0.465987,0.519608,0.64977,-0.554765,-0.52028,-0.652547,0.550829,-0.538621,0.494461,0.68218,0.631184,-0.62331,0.461531,0.611591,0.523698,0.592975],
    "vertices": [0.164141,1.16235,0.260227,0.160155,1.16225,0.260537,0.166585,1.15251,0.339706,0.170571,1.15261,0.339393,0.164206,1.15838,0.259756,0.160219,1.15827,0.260066,0.166645,1.14854,0.339189,0.170632,1.14865,0.338877,0.157148,1.17197,0.17301,0.153161,1.17187,0.173317,0.159516,1.16315,0.252612,0.163503,1.16326,0.252302,0.157216,1.16799,0.172593,0.153229,1.16789,0.1729,0.159581,1.15918,0.252146,0.163568,1.15928,0.251837],
    "metadata": {
        "uvs": 0,
        "type": "Geometry",
        "version": 3,
        "normals": 16,
        "generator": "io_three",
        "vertices": 16,
        "faces": 12
    },
    "faces": [33,1,0,4,5,0,1,2,3,33,5,6,2,1,3,4,5,0,33,6,7,3,2,4,6,7,5,33,0,3,7,4,1,7,6,2,33,0,1,2,3,1,0,5,7,33,7,6,5,4,6,4,3,2,33,12,13,9,8,8,9,10,11,33,13,14,10,9,9,12,13,10,33,14,15,11,10,12,14,15,13,33,15,12,8,11,14,8,11,15,33,8,9,10,11,11,10,13,15,33,15,14,13,12,14,12,9,8]
}