{
    "uvs": [],
    "name": "Cube.131Geometry",
    "normals": [-0.630696,0.613453,-0.475265,0.519547,0.642567,-0.563128,0.541093,-0.506882,-0.67098,-0.610584,-0.535966,-0.582995,-0.52028,-0.645558,0.559008,-0.539842,0.503067,0.674856,0.631275,-0.616443,0.470565,0.610431,0.532243,0.586535,0.542436,-0.516404,-0.662587,-0.609302,-0.545427,-0.575518,-0.630757,0.605487,-0.485244,0.519517,0.63451,-0.572222,-0.52031,-0.637806,0.567827,-0.541093,0.512375,0.666799,0.631397,-0.608753,0.4803,0.609149,0.541459,0.579394,0.543901,-0.526231,-0.653615,-0.60802,-0.555162,-0.567492,-0.630818,0.597003,-0.49559,0.519456,0.625996,-0.581591,-0.52031,-0.629566,0.576952,-0.542467,0.521989,0.658193,0.631489,-0.600604,0.490341,0.607868,0.550981,0.571703],
    "vertices": [0.150238,1.18043,0.0856659,0.146251,1.18033,0.0859699,0.152528,1.1727,0.165383,0.156515,1.1728,0.165076,0.150311,1.17645,0.0853049,0.146324,1.17635,0.0856089,0.152597,1.16872,0.16497,0.156584,1.16882,0.164664,0.143427,1.18754,-0.00180983,0.139439,1.18744,-0.00150908,0.145629,1.18101,0.0780204,0.149616,1.18111,0.0777167,0.143504,1.18355,-0.00211007,0.139517,1.18345,-0.00180933,0.145703,1.17703,0.0776648,0.14969,1.17713,0.0773611,0.136711,1.19331,-0.0893923,0.132724,1.19321,-0.0890949,0.138824,1.18802,-0.00946631,0.142812,1.18812,-0.00976675,0.136794,1.18932,-0.0896274,0.132807,1.18922,-0.0893301,0.138903,1.18404,-0.00976084,0.14289,1.18414,-0.0100613],
    "metadata": {
        "uvs": 0,
        "type": "Geometry",
        "version": 3,
        "normals": 24,
        "generator": "io_three",
        "vertices": 24,
        "faces": 18
    },
    "faces": [33,1,0,4,5,0,1,2,3,33,5,6,2,1,3,4,5,0,33,6,7,3,2,4,6,7,5,33,0,3,7,4,1,7,6,2,33,0,1,2,3,1,0,5,7,33,7,6,5,4,6,4,3,2,33,12,13,9,8,8,9,10,11,33,13,14,10,9,9,12,13,10,33,14,15,11,10,12,14,15,13,33,15,12,8,11,14,8,11,15,33,8,9,10,11,11,10,13,15,33,15,14,13,12,14,12,9,8,33,20,21,17,16,16,17,18,19,33,21,22,18,17,17,20,21,18,33,22,23,19,18,20,22,23,21,33,23,20,16,19,22,16,19,23,33,16,17,18,19,19,18,21,23,33,23,22,21,20,22,20,17,16]
}