{
    "uvs": [],
    "name": "Cube.127Geometry",
    "normals": [-0.630848,0.587542,-0.506729,0.519456,0.616474,-0.591693,0.545427,-0.53679,-0.643666,-0.606586,-0.565661,-0.55858,-0.520341,-0.620411,0.586749,-0.543901,0.532304,0.648671,0.631611,-0.59151,0.501144,0.606433,0.561266,0.563189,0.547105,-0.547807,-0.632862,-0.605121,-0.576678,-0.548845,-0.630879,0.577258,-0.518387,0.519425,0.606159,-0.602252,-0.520371,-0.610523,0.597003,-0.545427,0.543077,0.638356,0.631703,-0.581652,0.512436,0.604938,0.571978,0.553941,0.548875,-0.55974,-0.620777,-0.603504,-0.588549,-0.537889,-0.630879,0.565722,-0.530931,0.519425,0.594592,-0.613697,-0.520463,-0.599445,0.608051,-0.547075,0.554704,0.62685,0.631764,-0.570605,0.524583,0.603259,0.583605,0.543535,0.550768,-0.572771,-0.607074,-0.601642,-0.601611,-0.525407,-0.63094,0.552477,-0.544633,0.519486,0.581378,-0.626148,-0.520615,-0.58684,0.620106,-0.548814,0.5674,0.613819,0.631916,-0.558031,0.537797,0.601398,0.596271,0.531724],
    "vertices": [0.130106,1.19756,-0.177073,0.126119,1.19746,-0.176779,0.13212,1.19364,-0.0970637,0.136108,1.19374,-0.0973607,0.130195,1.19357,-0.177238,0.126207,1.19347,-0.176944,0.132203,1.18965,-0.0972926,0.136191,1.18975,-0.0975897,0.123613,1.20026,-0.264826,0.119625,1.20016,-0.264536,0.125523,1.19778,-0.184754,0.129511,1.19788,-0.185047,0.123707,1.19626,-0.264915,0.119719,1.19616,-0.264625,0.125611,1.19379,-0.184912,0.129599,1.19389,-0.185205,0.117249,1.20116,-0.352628,0.113261,1.20106,-0.352342,0.119043,1.20029,-0.272517,0.123031,1.20039,-0.272807,0.117349,1.19716,-0.352635,0.113361,1.19706,-0.352349,0.119137,1.19629,-0.272599,0.123126,1.19639,-0.272889,0.111025,1.20014,-0.440442,0.107036,1.20004,-0.44016,0.112686,1.20109,-0.360326,0.116675,1.20119,-0.360611,0.111131,1.19614,-0.440358,0.107142,1.19604,-0.440076,0.112786,1.19709,-0.360324,0.116775,1.19719,-0.36061],
    "metadata": {
        "uvs": 0,
        "type": "Geometry",
        "version": 3,
        "normals": 32,
        "generator": "io_three",
        "vertices": 32,
        "faces": 24
    },
    "faces": [33,1,0,4,5,0,1,2,3,33,5,6,2,1,3,4,5,0,33,6,7,3,2,4,6,7,5,33,0,3,7,4,1,7,6,2,33,0,1,2,3,1,0,5,7,33,7,6,5,4,6,4,3,2,33,12,13,9,8,8,9,10,11,33,13,14,10,9,9,12,13,10,33,14,15,11,10,12,14,15,13,33,15,12,8,11,14,8,11,15,33,8,9,10,11,11,10,13,15,33,15,14,13,12,14,12,9,8,33,20,21,17,16,16,17,18,19,33,21,22,18,17,17,20,21,18,33,22,23,19,18,20,22,23,21,33,23,20,16,19,22,16,19,23,33,16,17,18,19,19,18,21,23,33,23,22,21,20,22,20,17,16,33,28,29,25,24,24,25,26,27,33,29,30,26,25,25,28,29,26,33,30,31,27,26,28,30,31,29,33,31,28,24,27,30,24,27,31,33,24,25,26,27,27,26,29,31,33,31,30,29,28,30,28,25,24]
}