{
    "uvs": [],
    "name": "Cube.121Geometry",
    "normals": [-0.630848,0.538377,-0.558702,0.519456,0.567278,-0.638966,0.552873,-0.586016,-0.592364,-0.599841,-0.614887,-0.511917,-0.520707,-0.573443,0.632466,-0.550737,0.58034,0.599872,0.631947,-0.544572,0.551378,0.599536,0.609241,0.518967,0.555132,-0.600238,-0.575762,-0.597858,-0.62917,-0.496658,-0.630726,0.522385,-0.573809,0.519486,0.551378,-0.65273,-0.520829,-0.558336,0.645711,-0.552812,0.594195,0.584185,0.631947,-0.529435,0.565935,0.597522,0.623157,0.504563,0.557604,-0.615986,-0.556383,-0.595538,-0.64507,-0.478713,-0.630634,0.503586,-0.590472,0.519639,0.532701,-0.667959,-0.521104,-0.540666,0.660359,-0.55504,0.609577,0.565966,0.632038,-0.511673,0.581988,0.595141,0.63863,0.487747,0.56035,-0.632374,-0.534837,-0.593158,-0.661611,-0.458693,-0.63039,0.482681,-0.607929,0.51973,0.511979,-0.683889,-0.521348,-0.521165,0.67568,-0.557482,0.625538,0.545762,0.631977,-0.491989,0.598743,0.5927,0.654744,0.469008,0.563372,-0.650349,-0.509507,-0.590381,-0.67983,-0.43498,-0.630085,0.457961,-0.627064,0.519974,0.487503,-0.701376,-0.521775,-0.498215,0.692465,-0.560167,0.643117,0.52208,0.631916,-0.468825,0.617115,0.589862,0.672506,0.446944,0.566729,-0.669424,-0.48027,-0.587359,-0.69924,-0.407453,-0.629658,0.429334,-0.64742,0.52028,0.459212,-0.719993,-0.522294,-0.471786,0.710318,-0.563158,0.661763,0.494858,0.631764,-0.442152,0.636647,0.586718,0.691458,0.4214],
    "vertices": [0.104948,1.19706,-0.528221,0.100959,1.19696,-0.527944,0.106477,1.19985,-0.448143,0.110466,1.19995,-0.448424,0.105061,1.19307,-0.528039,0.101072,1.19297,-0.527761,0.106584,1.19585,-0.44805,0.110572,1.19595,-0.448332,0.0990307,1.19178,-0.615911,0.0950413,1.19168,-0.615638,0.100413,1.19659,-0.535921,0.104402,1.19669,-0.536199,0.099151,1.18779,-0.61562,0.0951616,1.18769,-0.615347,0.100526,1.1926,-0.53573,0.104515,1.1927,-0.536007,0.0933058,1.18385,-0.70342,0.089316,1.18375,-0.703152,0.0945144,1.19105,-0.623601,0.0985039,1.19115,-0.623873,0.093434,1.17987,-0.703008,0.0894442,1.17977,-0.70274,0.0946354,1.18706,-0.6233,0.0986249,1.18716,-0.623572,0.0877766,1.17324,-0.790662,0.0837865,1.17314,-0.790399,0.0888021,1.18294,-0.7111,0.0927919,1.18304,-0.711367,0.0879132,1.16928,-0.790116,0.0839232,1.16918,-0.789854,0.088931,1.17896,-0.710677,0.0929208,1.17907,-0.710944,0.0824863,1.15939,-0.87747,0.0784959,1.15929,-0.877213,0.083297,1.172,-0.798309,0.0872871,1.1721,-0.798571,0.0826322,1.15545,-0.876774,0.0786417,1.15535,-0.876517,0.0834344,1.16804,-0.79775,0.0874246,1.16814,-0.798012,0.0774534,1.14208,-0.963676,0.0734627,1.14197,-0.963425,0.0780235,1.15791,-0.885087,0.082014,1.15801,-0.885343,0.0776092,1.13817,-0.96281,0.0736184,1.13807,-0.962559,0.0781702,1.15398,-0.884376,0.0821606,1.15408,-0.884632],
    "metadata": {
        "uvs": 0,
        "type": "Geometry",
        "version": 3,
        "normals": 48,
        "generator": "io_three",
        "vertices": 48,
        "faces": 36
    },
    "faces": [33,1,0,4,5,0,1,2,3,33,5,6,2,1,3,4,5,0,33,6,7,3,2,4,6,7,5,33,0,3,7,4,1,7,6,2,33,0,1,2,3,1,0,5,7,33,7,6,5,4,6,4,3,2,33,12,13,9,8,8,9,10,11,33,13,14,10,9,9,12,13,10,33,14,15,11,10,12,14,15,13,33,15,12,8,11,14,8,11,15,33,8,9,10,11,11,10,13,15,33,15,14,13,12,14,12,9,8,33,20,21,17,16,16,17,18,19,33,21,22,18,17,17,20,21,18,33,22,23,19,18,20,22,23,21,33,23,20,16,19,22,16,19,23,33,16,17,18,19,19,18,21,23,33,23,22,21,20,22,20,17,16,33,28,29,25,24,24,25,26,27,33,29,30,26,25,25,28,29,26,33,30,31,27,26,28,30,31,29,33,31,28,24,27,30,24,27,31,33,24,25,26,27,27,26,29,31,33,31,30,29,28,30,28,25,24,33,36,37,33,32,32,33,34,35,33,37,38,34,33,33,36,37,34,33,38,39,35,34,36,38,39,37,33,39,36,32,35,38,32,35,39,33,32,33,34,35,35,34,37,39,33,39,38,37,36,38,36,33,32,33,44,45,41,40,40,41,42,43,33,45,46,42,41,41,44,45,42,33,46,47,43,42,44,46,47,45,33,47,44,40,43,46,40,43,47,33,40,41,42,43,43,42,45,47,33,47,46,45,44,46,44,41,40]
}