{
    "uvs": [],
    "name": "Cube.114Geometry",
    "normals": [-0.628956,0.39613,-0.668905,0.520646,0.426405,-0.739647,0.570513,-0.689352,-0.446364,-0.584124,-0.719626,-0.375378,-0.522874,-0.441328,0.72924,-0.566454,0.681417,0.463424,0.631458,-0.411267,0.657338,0.583361,0.711478,0.391736,0.574755,-0.71102,-0.405011,-0.580218,-0.741905,-0.335978,-0.628162,0.355296,-0.69219,0.521317,0.386181,-0.760949,-0.523881,-0.404218,0.749748,-0.570116,0.702872,0.425306,0.631092,-0.373638,0.679739,0.579272,0.733451,0.355602,0.579608,-0.732719,-0.356548,-0.576098,-0.764336,-0.28956,-0.62685,0.307413,-0.715903,0.522141,0.33903,-0.782556,-0.52501,-0.36082,0.770806,-0.574267,0.724723,0.380718,0.63039,-0.3296,0.70278,0.574908,0.755943,0.312998,0.58507,-0.754631,-0.296915,-0.571245,-0.787255,-0.232093,-0.625141,0.248207,-0.739982,0.523423,0.28077,-0.804437,-0.526719,-0.307627,0.792413,-0.578875,0.747307,0.326151,0.629475,-0.275491,0.726524,0.56972,0.779382,0.260598,0.591296,-0.774346,-0.225196,-0.565996,-0.808191,-0.162542,-0.622639,0.176702,-0.762261,0.525193,0.210486,-0.824519,-0.528886,-0.243507,0.812983,-0.584094,0.768731,0.260414,0.627979,-0.210303,0.749229,0.564043,0.801843,0.197089,0.598163,-0.789544,-0.136998,-0.559954,-0.824946,-0.0765099,-0.619221,0.0884426,-0.780175,0.52794,0.123692,-0.840205,-0.53209,-0.164373,0.830531,-0.589862,0.787286,0.179449,0.625904,-0.129765,0.769005,0.55739,0.821741,0.11832,0.605579,-0.795068,-0.0331736,-0.55385,-0.832209,0.0253609,-0.614521,-0.0158391,-0.78872,0.531571,0.0210273,-0.846736,-0.536119,-0.07004,0.841212,-0.59621,0.798517,0.0829493,0.622669,-0.033784,0.781732,0.550432,0.834529,0.023957],
    "vertices": [0.0727186,1.12081,-1.04902,0.0687274,1.1207,-1.04878,0.0730203,1.1402,-0.971221,0.0770111,1.1403,-0.971471,0.072885,1.11696,-1.04796,0.0688938,1.11685,-1.04772,0.073177,1.1363,-0.970338,0.0771678,1.1364,-0.970588,0.068337,1.09494,-1.13312,0.0643455,1.09484,-1.13288,0.0683096,1.11861,-1.05649,0.0723008,1.11871,-1.05674,0.0685149,1.09116,-1.13184,0.0645234,1.09105,-1.1316,0.068477,1.11476,-1.05542,0.0724682,1.11486,-1.05566,0.0643621,1.06392,-1.21548,0.0603702,1.06381,-1.21525,0.0639676,1.09222,-1.14044,0.0679592,1.09233,-1.14068,0.0645521,1.06022,-1.21395,0.0605602,1.06011,-1.21372,0.0641466,1.08845,-1.13914,0.0681381,1.08855,-1.13938,0.060871,1.02694,-1.29539,0.0568788,1.02682,-1.29517,0.0600274,1.06075,-1.22265,0.0640193,1.06086,-1.22288,0.0610736,1.02338,-1.29357,0.0570814,1.02326,-1.29335,0.0602185,1.05707,-1.2211,0.0642104,1.05718,-1.22133,0.057955,0.983177,-1.37184,0.0539625,0.983059,-1.37163,0.0565887,1.02313,-1.30228,0.0605809,1.02325,-1.3025,0.0581701,0.979808,-1.3697,0.0541776,0.97969,-1.36948,0.0567924,1.01959,-1.30043,0.0607847,1.0197,-1.30065,0.055731,0.931722,-1.44338,0.0517382,0.931598,-1.44317,0.053726,0.978755,-1.37839,0.0577185,0.978874,-1.3786,0.0559573,0.928617,-1.44087,0.0519646,0.928493,-1.44066,0.0539421,0.975407,-1.37621,0.0579346,0.975526,-1.37642,0.0543118,0.871972,-1.50821,0.0503189,0.871843,-1.50801,0.0515766,0.92649,-1.44936,0.0555694,0.926614,-1.44956,0.0545466,0.869227,-1.50531,0.0505537,0.869098,-1.50511,0.0518039,0.923413,-1.44681,0.0557966,0.923537,-1.44702],
    "metadata": {
        "uvs": 0,
        "type": "Geometry",
        "version": 3,
        "normals": 56,
        "generator": "io_three",
        "vertices": 56,
        "faces": 42
    },
    "faces": [33,1,0,4,5,0,1,2,3,33,5,6,2,1,3,4,5,0,33,6,7,3,2,4,6,7,5,33,0,3,7,4,1,7,6,2,33,0,1,2,3,1,0,5,7,33,7,6,5,4,6,4,3,2,33,12,13,9,8,8,9,10,11,33,13,14,10,9,9,12,13,10,33,14,15,11,10,12,14,15,13,33,15,12,8,11,14,8,11,15,33,8,9,10,11,11,10,13,15,33,15,14,13,12,14,12,9,8,33,20,21,17,16,16,17,18,19,33,21,22,18,17,17,20,21,18,33,22,23,19,18,20,22,23,21,33,23,20,16,19,22,16,19,23,33,16,17,18,19,19,18,21,23,33,23,22,21,20,22,20,17,16,33,28,29,25,24,24,25,26,27,33,29,30,26,25,25,28,29,26,33,30,31,27,26,28,30,31,29,33,31,28,24,27,30,24,27,31,33,24,25,26,27,27,26,29,31,33,31,30,29,28,30,28,25,24,33,36,37,33,32,32,33,34,35,33,37,38,34,33,33,36,37,34,33,38,39,35,34,36,38,39,37,33,39,36,32,35,38,32,35,39,33,32,33,34,35,35,34,37,39,33,39,38,37,36,38,36,33,32,33,44,45,41,40,40,41,42,43,33,45,46,42,41,41,44,45,42,33,46,47,43,42,44,46,47,45,33,47,44,40,43,46,40,43,47,33,40,41,42,43,43,42,45,47,33,47,46,45,44,46,44,41,40,33,52,53,49,48,48,49,50,51,33,53,54,50,49,49,52,53,50,33,54,55,51,50,52,54,55,53,33,55,52,48,51,54,48,51,55,33,48,49,50,51,51,50,53,55,33,55,54,53,52,54,52,49,48]
}