{
    "uvs": [],
    "name": "Cube.105Geometry",
    "normals": [-0.60857,-0.138981,-0.781213,0.536912,-0.100284,-0.837611,0.612903,-0.785119,0.088992,-0.547197,-0.824152,0.14597,-0.541826,0.0433058,0.839351,-0.60268,0.797266,-0.0328074,0.618336,0.0814234,0.78164,0.542741,0.835047,-0.0899686,0.619648,-0.753868,0.218299,-0.541551,-0.79461,0.2743,-0.601154,-0.269692,-0.75222,0.543321,-0.229438,-0.80752,-0.548296,0.167821,0.819239,-0.609149,0.776788,-0.159703,0.612262,0.20777,0.762841,0.535936,0.816248,-0.215522,0.62447,-0.698172,0.350017,-0.536393,-0.740104,0.40556,-0.59328,-0.40257,-0.697073,0.5515,-0.361156,-0.751885,-0.556383,0.300363,0.774712,-0.61449,0.731834,-0.294534,0.60506,0.341838,0.719016,0.529771,0.772729,-0.349528,0.62743,-0.624775,0.464675,-0.533372,-0.667043,0.520127,-0.585406,-0.518021,-0.623615,0.559404,-0.476363,-0.678304,-0.563921,0.422346,0.709647,-0.618671,0.665334,-0.417737,0.596789,0.464553,0.654195,0.526231,0.706992,-0.472457,0.627644,-0.544084,0.55678,-0.531602,-0.585223,0.612262,-0.579394,-0.609394,-0.541185,0.566881,-0.568743,-0.595904,-0.57091,0.526811,0.629658,-0.62093,0.584338,-0.522446,0.588977,0.568651,0.574175,0.524735,0.62569,-0.577166,0.627064,-0.464644,0.625172,-0.531938,-0.503952,0.680471,-0.574236,-0.676931,-0.460433,0.572436,-0.63802,-0.514969,-0.576128,0.604724,0.549821,-0.621509,0.504166,-0.599597,0.582629,0.645009,0.49443,0.525285,0.544023,-0.654256,0.625263,-0.386059,0.678213,-0.53267,-0.423017,0.732994,-0.570421,-0.72808,-0.380108,0.57741,-0.691366,-0.434187,-0.580828,0.666005,0.468001,-0.620746,0.422895,-0.660115,0.577624,0.704123,0.412946,0.526505,0.460707,-0.714469,0.623371,-0.315012,0.715629,-0.534318,-0.349559,0.769585,-0.56737,-0.763726,-0.30781,0.58092,-0.729423,-0.361126,-0.584063,0.710227,0.392926,-0.619678,0.348613,-0.703146,0.573473,0.745964,0.338542,0.528642,0.384136,-0.75692,0.62093,-0.248787,0.743309,-0.536058,-0.280709,0.796136,-0.565325,-0.789056,-0.240333,0.58388,-0.757256,-0.29255,-0.586779,0.743034,0.321757,-0.617908,0.278817,-0.73513,0.570452,0.776208,0.268349,0.5309,0.311869,-0.787927],
    "vertices": [0.0538355,0.803499,-1.56376,0.0498426,0.803363,-1.56357,0.0502317,0.866008,-1.51351,0.0542246,0.866138,-1.51371,0.0540735,0.801229,-1.56048,0.0500806,0.801093,-1.56028,0.050467,0.863301,-1.51057,0.0544599,0.863431,-1.51078,0.0543475,0.727139,-1.60789,0.0503547,0.726997,-1.60769,0.0498476,0.79673,-1.56809,0.0538405,0.796866,-1.56828,0.0545815,0.725451,-1.60427,0.0505887,0.725309,-1.60408,0.0500856,0.794509,-1.56477,0.0540785,0.794645,-1.56497,0.0558825,0.644252,-1.63797,0.0518897,0.644107,-1.63778,0.050451,0.719712,-1.61106,0.0544439,0.719854,-1.61125,0.0561045,0.643217,-1.63412,0.0521117,0.643072,-1.63393,0.0506843,0.718081,-1.60741,0.0546771,0.718223,-1.6076,0.058287,0.557519,-1.65377,0.0542943,0.557374,-1.65358,0.0520738,0.636345,-1.63983,0.0560667,0.63649,-1.64002,0.0584908,0.557141,-1.6498,0.054498,0.556996,-1.64961,0.0522944,0.635371,-1.63595,0.0562872,0.635516,-1.63614,0.0613585,0.469407,-1.65562,0.0573655,0.469267,-1.65543,0.0545506,0.549387,-1.65429,0.0585434,0.549532,-1.65448,0.0615423,0.469604,-1.65163,0.0575493,0.469463,-1.65144,0.0547526,0.549065,-1.65031,0.0587454,0.54921,-1.6505,0.06484,0.381837,-1.64587,0.0608468,0.381703,-1.64568,0.0576669,0.46126,-1.65502,0.0616599,0.4614,-1.65521,0.0650036,0.382542,-1.64194,0.0610103,0.382408,-1.64175,0.0578489,0.461506,-1.65103,0.0618419,0.461646,-1.65122,0.0685975,0.296172,-1.62536,0.0646039,0.296046,-1.62517,0.0611799,0.37383,-1.6442,0.0651732,0.373964,-1.64439,0.068742,0.297313,-1.62153,0.0647484,0.297187,-1.62134,0.0613417,0.374578,-1.64027,0.065335,0.374711,-1.64046,0.0724937,0.213053,-1.59625,0.0684997,0.212936,-1.59607,0.0649539,0.288377,-1.62286,0.0689475,0.288502,-1.62305,0.0726209,0.214564,-1.59255,0.0686269,0.214447,-1.59236,0.0650967,0.289554,-1.61904,0.0690904,0.28968,-1.61923,0.0764406,0.133062,-1.55945,0.0724462,0.132954,-1.55927,0.0688578,0.205553,-1.59297,0.0728518,0.205669,-1.59315,0.0765525,0.134884,-1.55589,0.0725581,0.134775,-1.55571,0.0689835,0.207094,-1.58928,0.0729775,0.207211,-1.58947],
    "metadata": {
        "uvs": 0,
        "type": "Geometry",
        "version": 3,
        "normals": 72,
        "generator": "io_three",
        "vertices": 72,
        "faces": 54
    },
    "faces": [33,1,0,4,5,0,1,2,3,33,5,6,2,1,3,4,5,0,33,6,7,3,2,4,6,7,5,33,0,3,7,4,1,7,6,2,33,0,1,2,3,1,0,5,7,33,7,6,5,4,6,4,3,2,33,12,13,9,8,8,9,10,11,33,13,14,10,9,9,12,13,10,33,14,15,11,10,12,14,15,13,33,15,12,8,11,14,8,11,15,33,8,9,10,11,11,10,13,15,33,15,14,13,12,14,12,9,8,33,20,21,17,16,16,17,18,19,33,21,22,18,17,17,20,21,18,33,22,23,19,18,20,22,23,21,33,23,20,16,19,22,16,19,23,33,16,17,18,19,19,18,21,23,33,23,22,21,20,22,20,17,16,33,28,29,25,24,24,25,26,27,33,29,30,26,25,25,28,29,26,33,30,31,27,26,28,30,31,29,33,31,28,24,27,30,24,27,31,33,24,25,26,27,27,26,29,31,33,31,30,29,28,30,28,25,24,33,36,37,33,32,32,33,34,35,33,37,38,34,33,33,36,37,34,33,38,39,35,34,36,38,39,37,33,39,36,32,35,38,32,35,39,33,32,33,34,35,35,34,37,39,33,39,38,37,36,38,36,33,32,33,44,45,41,40,40,41,42,43,33,45,46,42,41,41,44,45,42,33,46,47,43,42,44,46,47,45,33,47,44,40,43,46,40,43,47,33,40,41,42,43,43,42,45,47,33,47,46,45,44,46,44,41,40,33,52,53,49,48,48,49,50,51,33,53,54,50,49,49,52,53,50,33,54,55,51,50,52,54,55,53,33,55,52,48,51,54,48,51,55,33,48,49,50,51,51,50,53,55,33,55,54,53,52,54,52,49,48,33,60,61,57,56,56,57,58,59,33,61,62,58,57,57,60,61,58,33,62,63,59,58,60,62,63,61,33,63,60,56,59,62,56,59,63,33,56,57,58,59,59,58,61,63,33,63,62,61,60,62,60,57,56,33,68,69,65,64,64,65,66,67,33,69,70,66,65,65,68,69,66,33,70,71,67,66,68,70,71,69,33,71,68,64,67,70,64,67,71,33,64,65,66,67,67,66,69,71,33,71,70,69,68,70,68,65,64]
}