{
    "uvs": [],
    "name": "Cube.099Geometry",
    "normals": [-0.563768,-0.805841,-0.180883,0.585833,-0.776544,-0.231788,0.618671,-0.190252,0.762261,-0.538133,-0.219642,0.813715,-0.588549,0.765984,0.258522,-0.616138,0.217109,-0.757103,0.568133,0.796625,0.206366,0.533464,0.247658,-0.80874,0.616138,-0.136448,0.775689,-0.540178,-0.163305,0.825526,-0.562883,-0.816797,-0.126286,0.58742,-0.789972,-0.175634,-0.589953,0.78225,0.199927,-0.614032,0.160344,-0.77279,0.566607,0.810327,0.149297,0.535936,0.188421,-0.822932,0.613941,-0.0891141,0.784265,-0.542405,-0.11359,0.832362,-0.562212,-0.823237,-0.0784326,0.588305,-0.79873,-0.126072,-0.590716,0.793115,0.14832,-0.61211,0.11063,-0.782952,0.565447,0.818751,0.0993683,0.538499,0.136296,-0.831507,0.61153,-0.0450148,0.789911,-0.544511,-0.0671712,0.836024,-0.56209,-0.82635,-0.0339366,0.589007,-0.804163,-0.0796838,-0.591296,0.800195,0.10004,-0.609973,0.0643941,-0.789788,0.564837,0.823481,0.0529496,0.54091,0.0877102,-0.836482,0.609394,-0.00564592,0.79284,-0.546648,-0.025605,0.83694,-0.562059,-0.827052,0.00567644,0.589282,-0.807001,-0.0380871,-0.591479,0.804285,0.056856,-0.60802,0.0232246,-0.793542,0.56447,0.825343,0.0117191,0.54326,0.0443434,-0.838343,0.607196,0.0309763,0.793908,-0.548662,0.0130924,0.835932,-0.562334,-0.8258,0.0424513,0.589404,-0.807825,0.00076296,-0.591479,0.806116,0.016541,-0.605976,-0.0149541,-0.795312,0.56447,0.825007,-0.0264595,0.545549,0.00402844,-0.838038],
    "vertices": [0.0803686,0.0561984,-1.51652,0.0763738,0.0560986,-1.51634,0.0728049,0.125831,-1.55561,0.0767994,0.125939,-1.55579,0.080467,0.0582827,-1.51311,0.0764722,0.0581829,-1.51293,0.0729155,0.127678,-1.55207,0.0769099,0.127786,-1.55225,0.0842251,-0.0173174,-1.4681,0.0802298,-0.0174087,-1.46792,0.0767274,0.0492989,-1.51212,0.0807223,0.0493979,-1.5123,0.0843118,-0.0150107,-1.46483,0.0803165,-0.0151021,-1.46466,0.0768247,0.0514048,-1.50872,0.0808196,0.0515038,-1.5089,0.0879806,-0.0877522,-1.4153,0.0839849,-0.0878353,-1.41513,0.0805759,-0.0239429,-1.4633,0.0845713,-0.0238524,-1.46347,0.0880572,-0.0852544,-1.41217,0.0840614,-0.0853375,-1.41201,0.0806617,-0.0216176,-1.46005,0.0846571,-0.0215271,-1.46022,0.0916008,-0.154963,-1.35846,0.0876046,-0.155039,-1.3583,0.0843186,-0.0940458,-1.41009,0.0883143,-0.0939635,-1.41025,0.0916686,-0.152301,-1.35547,0.0876724,-0.152377,-1.35531,0.0843943,-0.0915323,-1.40698,0.0883901,-0.0914499,-1.40714,0.0950752,-0.219244,-1.29832,0.0910786,-0.219312,-1.29817,0.0879271,-0.161008,-1.35297,0.0919233,-0.160934,-1.35313,0.0951352,-0.216439,-1.29547,0.0911386,-0.216506,-1.29532,0.0879941,-0.158332,-1.35,0.0919903,-0.158258,-1.35015,0.0983808,-0.280533,-1.23514,0.0943839,-0.280593,-1.235,0.0913841,-0.224966,-1.29251,0.0953807,-0.224899,-1.29266,0.0984341,-0.277602,-1.23242,0.0944371,-0.277663,-1.23228,0.0914434,-0.222149,-1.28967,0.09544,-0.222082,-1.28982],
    "metadata": {
        "uvs": 0,
        "type": "Geometry",
        "version": 3,
        "normals": 48,
        "generator": "io_three",
        "vertices": 48,
        "faces": 36
    },
    "faces": [33,1,0,4,5,0,1,2,3,33,5,6,2,1,3,4,5,0,33,6,7,3,2,4,6,7,5,33,0,3,7,4,1,7,6,2,33,0,1,2,3,1,0,5,7,33,7,6,5,4,6,4,3,2,33,12,13,9,8,8,9,10,11,33,13,14,10,9,9,12,13,10,33,14,15,11,10,12,14,15,13,33,15,12,8,11,14,8,11,15,33,8,9,10,11,11,10,13,15,33,15,14,13,12,14,12,9,8,33,20,21,17,16,16,17,18,19,33,21,22,18,17,17,20,21,18,33,22,23,19,18,20,22,23,21,33,23,20,16,19,22,16,19,23,33,16,17,18,19,19,18,21,23,33,23,22,21,20,22,20,17,16,33,28,29,25,24,24,25,26,27,33,29,30,26,25,25,28,29,26,33,30,31,27,26,28,30,31,29,33,31,28,24,27,30,24,27,31,33,24,25,26,27,27,26,29,31,33,31,30,29,28,30,28,25,24,33,36,37,33,32,32,33,34,35,33,37,38,34,33,33,36,37,34,33,38,39,35,34,36,38,39,37,33,39,36,32,35,38,32,35,39,33,32,33,34,35,35,34,37,39,33,39,38,37,36,38,36,33,32,33,44,45,41,40,40,41,42,43,33,45,46,42,41,41,44,45,42,33,46,47,43,42,44,46,47,45,33,47,44,40,43,46,40,43,47,33,40,41,42,43,43,42,45,47,33,47,46,45,44,46,44,41,40]
}