{
    "uvs": [],
    "name": "Cube.090Geometry",
    "normals": [-0.566393,-0.796655,0.210974,0.586474,-0.788995,0.18302,0.595874,0.20069,0.777551,-0.559862,0.193182,0.805719,-0.588214,0.790368,-0.171026,-0.595141,-0.190313,-0.780725,0.567522,0.798578,-0.200354,0.557634,-0.181951,-0.80987,0.594195,0.223365,0.772668,-0.561571,0.217292,0.798364,-0.56737,-0.789727,0.233222,0.58565,-0.783471,0.207678,-0.58739,0.785119,-0.196265,-0.593493,-0.21363,-0.775933,0.568407,0.791864,-0.223182,0.559404,-0.206671,-0.802667,0.592578,0.244667,0.767418,-0.563219,0.239937,0.790674,-0.568377,-0.782556,0.254036,0.584735,-0.777642,0.230934,-0.586444,0.779504,-0.220038,-0.591937,-0.23545,-0.770806,0.569292,0.784906,-0.244514,0.561144,-0.229865,-0.795129,0.59096,0.265206,0.761834,-0.564806,0.261727,0.782586,-0.569445,-0.775018,0.273965,0.583758,-0.771355,0.253365,-0.585437,0.773431,-0.242927,-0.59035,-0.256447,-0.765282,0.570299,0.77752,-0.264901,0.562822,-0.252144,-0.787133],
    "vertices": [0.114391,-0.593446,-0.810859,0.110393,-0.593471,-0.810764,0.108412,-0.551736,-0.879042,0.11241,-0.551706,-0.879145,0.114418,-0.590004,-0.808821,0.11042,-0.590029,-0.808726,0.108442,-0.548352,-0.876908,0.11244,-0.548322,-0.877011,0.116382,-0.637194,-0.734463,0.112383,-0.637214,-0.734376,0.110583,-0.597551,-0.80388,0.114582,-0.597526,-0.803974,0.116407,-0.633694,-0.732526,0.112408,-0.633715,-0.732439,0.110609,-0.594104,-0.801851,0.114608,-0.594079,-0.801945,0.118175,-0.678731,-0.65684,0.114176,-0.678746,-0.656761,0.112552,-0.641056,-0.727356,0.116551,-0.641037,-0.727442,0.118197,-0.675178,-0.655002,0.114198,-0.675194,-0.654923,0.112576,-0.637552,-0.725428,0.116576,-0.637532,-0.725514,0.119772,-0.718154,-0.578119,0.115772,-0.718165,-0.578049,0.114331,-0.682436,-0.649659,0.11833,-0.682421,-0.649737,0.119792,-0.714553,-0.576378,0.115793,-0.714565,-0.576308,0.114353,-0.678879,-0.64783,0.118352,-0.678864,-0.647908],
    "metadata": {
        "uvs": 0,
        "type": "Geometry",
        "version": 3,
        "normals": 32,
        "generator": "io_three",
        "vertices": 32,
        "faces": 24
    },
    "faces": [33,1,0,4,5,0,1,2,3,33,5,6,2,1,3,4,5,0,33,6,7,3,2,4,6,7,5,33,0,3,7,4,1,7,6,2,33,0,1,2,3,1,0,5,7,33,7,6,5,4,6,4,3,2,33,12,13,9,8,8,9,10,11,33,13,14,10,9,9,12,13,10,33,14,15,11,10,12,14,15,13,33,15,12,8,11,14,8,11,15,33,8,9,10,11,11,10,13,15,33,15,14,13,12,14,12,9,8,33,20,21,17,16,16,17,18,19,33,21,22,18,17,17,20,21,18,33,22,23,19,18,20,22,23,21,33,23,20,16,19,22,16,19,23,33,16,17,18,19,19,18,21,23,33,23,22,21,20,22,20,17,16,33,28,29,25,24,24,25,26,27,33,29,30,26,25,25,28,29,26,33,30,31,27,26,28,30,31,29,33,31,28,24,27,30,24,27,31,33,24,25,26,27,27,26,29,31,33,31,30,29,28,30,28,25,24]
}