{
    "uvs": [],
    "name": "Cube.088Geometry",
    "normals": [-0.570544,-0.767235,0.292917,0.582781,-0.764733,0.274789,0.589404,0.284768,0.755943,-0.566332,0.282479,0.774224,-0.584399,0.767022,-0.264779,-0.588794,-0.276437,-0.759514,0.571368,0.76986,-0.28428,0.56444,-0.273354,-0.778863,0.587939,0.303232,0.749901,-0.567858,0.302042,0.765679,-0.571642,-0.759362,0.310739,0.581713,-0.757958,0.295083,-0.583331,0.760399,-0.28547,-0.587359,-0.295267,-0.753502,0.572405,0.762108,-0.302469,0.566027,-0.293344,-0.770409],
    "vertices": [0.121164,-0.755423,-0.498355,0.117165,-0.75543,-0.498294,0.115905,-0.721616,-0.570829,0.119904,-0.721605,-0.570898,0.121183,-0.751778,-0.496707,0.117183,-0.751786,-0.496646,0.115925,-0.718011,-0.569095,0.119924,-0.718,-0.569164,0.122366,-0.790731,-0.417703,0.118366,-0.790735,-0.41765,0.117284,-0.758739,-0.491007,0.121283,-0.758732,-0.491067,0.122383,-0.787047,-0.416146,0.118383,-0.78705,-0.416094,0.117302,-0.755091,-0.489367,0.121301,-0.755084,-0.489428],
    "metadata": {
        "uvs": 0,
        "type": "Geometry",
        "version": 3,
        "normals": 16,
        "generator": "io_three",
        "vertices": 16,
        "faces": 12
    },
    "faces": [33,1,0,4,5,0,1,2,3,33,5,6,2,1,3,4,5,0,33,6,7,3,2,4,6,7,5,33,0,3,7,4,1,7,6,2,33,0,1,2,3,1,0,5,7,33,7,6,5,4,6,4,3,2,33,12,13,9,8,8,9,10,11,33,13,14,10,9,9,12,13,10,33,14,15,11,10,12,14,15,13,33,15,12,8,11,14,8,11,15,33,8,9,10,11,11,10,13,15,33,15,14,13,12,14,12,9,8]
}