{
    "uvs": [],
    "name": "Cube.087Geometry",
    "normals": [-0.572863,-0.751122,0.328043,0.580615,-0.750786,0.31492,0.586413,0.321238,0.743553,-0.569292,0.321116,0.756798,-0.582202,0.753349,-0.305643,-0.585864,-0.313669,-0.747215,0.573534,0.75399,-0.320139,0.567522,-0.312815,-0.761589],
    "vertices": [0.123361,-0.823966,-0.336172,0.119361,-0.823966,-0.336128,0.118462,-0.793816,-0.410263,0.122462,-0.793812,-0.410315,0.123377,-0.820245,-0.334705,0.119377,-0.820245,-0.334661,0.118479,-0.790128,-0.408715,0.122479,-0.790124,-0.408767],
    "metadata": {
        "uvs": 0,
        "type": "Geometry",
        "version": 3,
        "normals": 8,
        "generator": "io_three",
        "vertices": 8,
        "faces": 6
    },
    "faces": [33,1,0,4,5,0,1,2,3,33,5,6,2,1,3,4,5,0,33,6,7,3,2,4,6,7,5,33,0,3,7,4,1,7,6,2,33,0,1,2,3,1,0,5,7,33,7,6,5,4,6,4,3,2]
}