{
    "uvs": [],
    "name": "Cube.137Geometry",
    "normals": [0.796289,0.57094,-0.199805,-0.195563,0.845973,-0.496048,-0.0412305,0.996673,0.07004,0.901456,0.354228,0.248726,0.23661,0.0778527,-0.968444,0.664541,-0.257637,-0.701407,-0.102176,-0.840052,-0.532762,-0.722343,0.0186773,-0.691244,-0.278115,0.384777,-0.880093,-0.839351,0.470046,0.272958,-0.901456,-0.354228,-0.248726,-0.664541,0.257637,0.701407,0.278115,-0.384777,0.880093,0.0412305,-0.996673,-0.07004],
    "vertices": [0.122876,-0.830741,-0.293321,0.13104,-0.836304,-0.291774,0.128988,-0.841604,-0.300002,0.120824,-0.83604,-0.30155,0.117478,-0.837141,-0.287854,0.125642,-0.842705,-0.286306,0.12359,-0.848004,-0.294535,0.115426,-0.84244,-0.296082,0.15145,-0.850214,-0.287905,0.149398,-0.855513,-0.296134,0.146052,-0.856614,-0.282437,0.144,-0.861913,-0.290666,0.103982,-0.853142,-0.274184,0.112146,-0.858706,-0.272637,0.110095,-0.864005,-0.280865,0.101931,-0.858441,-0.282413,0.128005,-0.817493,-0.27275,0.136169,-0.823056,-0.271202,0.122607,-0.823893,-0.267282,0.130771,-0.829457,-0.265735],
    "metadata": {
        "uvs": 0,
        "type": "Geometry",
        "version": 3,
        "normals": 14,
        "generator": "io_three",
        "vertices": 20,
        "faces": 18
    },
    "faces": [33,1,0,16,17,0,1,2,3,33,2,1,8,9,4,0,3,5,33,6,7,3,2,6,7,8,4,33,0,3,7,4,1,8,7,9,33,0,1,2,3,1,0,4,8,33,4,7,15,12,9,7,10,11,33,10,11,9,8,12,13,5,3,33,6,2,9,11,6,4,5,13,33,5,6,11,10,12,6,13,12,33,1,5,10,8,0,12,12,3,33,15,14,13,12,10,13,12,11,33,7,6,14,15,7,6,13,10,33,6,5,13,14,6,12,12,13,33,5,4,12,13,12,9,11,12,33,18,19,17,16,11,12,3,2,33,5,1,17,19,12,0,3,12,33,4,5,19,18,9,12,12,11,33,0,4,18,16,1,9,11,2]
}