{
    "uvs": [],
    "name": "Cube.076Geometry",
    "normals": [-0.402509,-0.848323,-0.343944,0.655934,-0.746452,0.111789,0.214759,-0.102268,0.971282,-0.834834,-0.21131,0.508255,-0.608203,0.781579,-0.138462,-0.181127,0.122044,-0.975829,0.42671,0.826868,0.366283,0.862941,0.160588,-0.479019],
    "vertices": [0.136726,-0.813604,-0.273314,0.133059,-0.814061,-0.274846,0.148023,-0.748343,-0.317653,0.151598,-0.74829,-0.315859,0.135207,-0.811418,-0.270329,0.13154,-0.811874,-0.27186,0.146537,-0.746014,-0.31476,0.150111,-0.745962,-0.312966],
    "metadata": {
        "uvs": 0,
        "type": "Geometry",
        "version": 3,
        "normals": 8,
        "generator": "io_three",
        "vertices": 8,
        "faces": 6
    },
    "faces": [33,1,0,4,5,0,1,2,3,33,5,6,2,1,3,4,5,0,33,6,7,3,2,4,6,7,5,33,0,3,7,4,1,7,6,2,33,0,1,2,3,1,0,5,7,33,7,6,5,4,6,4,3,2]
}