{
    "uvs": [],
    "name": "Cube.077Geometry",
    "normals": [-0.467605,-0.796533,-0.38316,0.557146,-0.816279,0.152409,0.128178,-0.130131,0.983154,-0.889645,-0.115726,0.441725,-0.489608,0.853023,-0.180456,-0.0837428,0.148656,-0.985321,0.491653,0.766015,0.414045,0.913327,0.0498978,-0.404065],
    "vertices": [0.153346,-0.741813,-0.32006,0.149784,-0.741823,-0.321881,0.174696,-0.678079,-0.362714,0.178049,-0.678551,-0.360584,0.151864,-0.73947,-0.317176,0.148303,-0.73948,-0.318997,0.173287,-0.675567,-0.359937,0.17664,-0.67604,-0.357808],
    "metadata": {
        "uvs": 0,
        "type": "Geometry",
        "version": 3,
        "normals": 8,
        "generator": "io_three",
        "vertices": 8,
        "faces": 6
    },
    "faces": [33,1,0,4,5,0,1,2,3,33,5,6,2,1,3,4,5,0,33,6,7,3,2,4,6,7,5,33,0,3,7,4,1,7,6,2,33,0,1,2,3,1,0,5,7,33,7,6,5,4,6,4,3,2]
}