{
    "uvs": [],
    "name": "Cube.083Geometry",
    "normals": [-0.547929,-0.166631,-0.819727,-0.487564,-0.86758,0.0975982,-0.60033,0.0500809,0.798151,-0.660085,0.740959,-0.123264,0.519181,0.850398,-0.084933,0.620075,-0.0606708,-0.782159,0.529801,0.15247,0.834284,0.631092,-0.764,0.134159,-0.54326,0.00415052,0.839534,-0.736961,0.671194,-0.0798669,-0.587115,-0.227882,-0.776757,-0.391888,-0.909696,0.137303,0.444807,0.887204,-0.12241,0.573504,-0.0186773,-0.818964,0.566027,0.203803,0.798761,0.696005,-0.711203,0.0984527,-0.455092,-0.0523698,0.888882,-0.827998,0.560594,-0.0114139,-0.622639,-0.319742,-0.714164,-0.246101,-0.952483,0.179357,0.32432,0.931181,-0.166265,0.499802,0.0375378,-0.865291,0.602649,0.283822,0.745781,0.781274,-0.62273,0.0418104,-0.328288,-0.107425,0.938444,-0.91052,0.403912,0.0880764,-0.637654,-0.441939,-0.630909,-0.0481887,-0.976226,0.211219,0.149846,0.966796,-0.206946,0.388104,0.0986358,-0.916288,0.626331,0.395032,0.672048,0.871059,-0.489151,-0.0438856],
    "vertices": [0.532483,-0.480006,-0.465942,0.532185,-0.477605,-0.469128,0.611807,-0.470669,-0.466349,0.611792,-0.473099,-0.463172,0.532069,-0.476847,-0.463523,0.531771,-0.474447,-0.466709,0.611465,-0.467503,-0.463928,0.61145,-0.469933,-0.460751,0.446503,-0.494858,-0.463315,0.445703,-0.49255,-0.466482,0.524264,-0.47873,-0.469062,0.524604,-0.481125,-0.465876,0.445942,-0.491727,-0.46089,0.445142,-0.489418,-0.464057,0.523838,-0.475573,-0.466643,0.524178,-0.477968,-0.463457,0.364141,-0.520189,-0.452894,0.362683,-0.518091,-0.455972,0.437998,-0.494537,-0.465773,0.438855,-0.496832,-0.462611,0.363371,-0.517125,-0.450441,0.361913,-0.515027,-0.453519,0.43742,-0.49141,-0.463346,0.438277,-0.493705,-0.460184,0.289419,-0.558445,-0.432918,0.287222,-0.556737,-0.43579,0.355507,-0.521202,-0.454436,0.357033,-0.523272,-0.451372,0.288405,-0.55551,-0.430396,0.286207,-0.553802,-0.433268,0.354715,-0.518148,-0.451978,0.356241,-0.520217,-0.448914],
    "metadata": {
        "uvs": 0,
        "type": "Geometry",
        "version": 3,
        "normals": 32,
        "generator": "io_three",
        "vertices": 32,
        "faces": 24
    },
    "faces": [33,1,0,4,5,0,1,2,3,33,5,6,2,1,3,4,5,0,33,6,7,3,2,4,6,7,5,33,0,3,7,4,1,7,6,2,33,0,1,2,3,1,0,5,7,33,7,6,5,4,6,4,3,2,33,12,13,9,8,8,9,10,11,33,13,14,10,9,9,12,13,10,33,14,15,11,10,12,14,15,13,33,15,12,8,11,14,8,11,15,33,8,9,10,11,11,10,13,15,33,15,14,13,12,14,12,9,8,33,20,21,17,16,16,17,18,19,33,21,22,18,17,17,20,21,18,33,22,23,19,18,20,22,23,21,33,23,20,16,19,22,16,19,23,33,16,17,18,19,19,18,21,23,33,23,22,21,20,22,20,17,16,33,28,29,25,24,24,25,26,27,33,29,30,26,25,25,28,29,26,33,30,31,27,26,28,30,31,29,33,31,28,24,27,30,24,27,31,33,24,25,26,27,27,26,29,31,33,31,30,29,28,30,28,25,24]
}