{
    "uvs": [],
    "name": "Cube.085Geometry",
    "normals": [-0.490555,-0.127567,-0.861995,-0.55269,-0.831874,0.0497146,-0.657979,0.0820338,0.748527,-0.594897,0.786584,-0.165319,0.523606,0.850246,-0.0537736,0.65978,-0.0683004,-0.748314,0.486038,0.14124,0.862423,0.623096,-0.764092,0.166936,-0.636647,0.0793481,0.767052,-0.608264,0.779382,-0.15009,-0.513932,-0.131901,-0.847591,-0.541978,-0.837733,0.0664388,0.553148,0.830988,-0.0585955,0.648793,-0.0829798,-0.756401,0.500748,0.12714,0.856166,0.596484,-0.787225,0.156255],
    "vertices": [0.707267,-0.469327,-0.455587,0.707474,-0.466887,-0.45875,0.786973,-0.463603,-0.450455,0.786928,-0.466029,-0.447275,0.706921,-0.46616,-0.453167,0.707128,-0.463721,-0.456331,0.786425,-0.460449,-0.448056,0.78638,-0.462876,-0.444876,0.619742,-0.472566,-0.462769,0.619784,-0.470134,-0.465944,0.699504,-0.467115,-0.459474,0.699309,-0.469554,-0.45631,0.619406,-0.4694,-0.460348,0.619448,-0.466968,-0.463523,0.69916,-0.463949,-0.457054,0.698965,-0.466388,-0.45389],
    "metadata": {
        "uvs": 0,
        "type": "Geometry",
        "version": 3,
        "normals": 16,
        "generator": "io_three",
        "vertices": 16,
        "faces": 12
    },
    "faces": [33,1,0,4,5,0,1,2,3,33,5,6,2,1,3,4,5,0,33,6,7,3,2,4,6,7,5,33,0,3,7,4,1,7,6,2,33,0,1,2,3,1,0,5,7,33,7,6,5,4,6,4,3,2,33,12,13,9,8,8,9,10,11,33,13,14,10,9,9,12,13,10,33,14,15,11,10,12,14,15,13,33,15,12,8,11,14,8,11,15,33,8,9,10,11,11,10,13,15,33,15,14,13,12,14,12,9,8]
}