{
    "uvs": [],
    "name": "Cube.008Geometry",
    "normals": [-0.507309,-0.267312,-0.819239,-0.363536,-0.926298,0.098941,-0.650533,-0.0515458,0.757714,-0.713584,0.683157,-0.155065,-0.0877712,0.982574,-0.163732,0.408429,0.113865,-0.905637,0.408399,0.443922,0.797571,0.997131,-0.0740379,0.0139775],
    "vertices": [0.794896,-0.465671,-0.446415,0.794918,-0.463247,-0.449597,0.865492,-0.438472,-0.448288,0.868203,-0.438955,-0.445386,0.794323,-0.46252,-0.444018,0.794345,-0.460097,-0.4472,0.863074,-0.436592,-0.445715,0.865785,-0.437074,-0.442814],
    "metadata": {
        "uvs": 0,
        "type": "Geometry",
        "version": 3,
        "normals": 8,
        "generator": "io_three",
        "vertices": 8,
        "faces": 6
    },
    "faces": [33,1,0,4,5,0,1,2,3,33,5,6,2,1,3,4,5,0,33,6,7,3,2,4,6,7,5,33,0,3,7,4,1,7,6,2,33,0,1,2,3,1,0,5,7,33,7,6,5,4,6,4,3,2]
}