{
    "uvs": [],
    "name": "Cube.138Geometry",
    "normals": [-0.792993,0.317881,0.5197,-0.290963,-0.601215,0.744194,-0.049501,-0.104556,0.993255,-0.546373,0.742973,0.386547,-0.825617,-0.555345,-0.0996124,-0.922544,-0.029664,-0.384686,-0.170568,-0.348888,-0.921476,0.0739158,-0.992157,-0.100742,-0.425672,-0.877194,0.221992,0.741264,-0.427107,0.517716,0.546373,-0.742973,-0.386547,0.922544,0.029664,0.384686,0.425672,0.877194,-0.221992,0.049501,0.104556,-0.993255],
    "vertices": [0.881936,-0.426926,-0.438592,0.877633,-0.419586,-0.443846,0.874375,-0.426278,-0.450526,0.878679,-0.433617,-0.445271,0.890355,-0.425764,-0.443863,0.886051,-0.418424,-0.449117,0.882794,-0.425115,-0.455796,0.887097,-0.432455,-0.450542,0.866875,-0.401236,-0.456982,0.863617,-0.407928,-0.463661,0.875293,-0.400074,-0.462253,0.872036,-0.406765,-0.468932,0.911401,-0.422857,-0.457039,0.907098,-0.415517,-0.462293,0.90384,-0.422209,-0.468973,0.908143,-0.429549,-0.463718,0.890081,-0.410198,-0.421894,0.885777,-0.402858,-0.427148,0.898499,-0.409035,-0.427164,0.894196,-0.401695,-0.432418],
    "metadata": {
        "uvs": 0,
        "type": "Geometry",
        "version": 3,
        "normals": 14,
        "generator": "io_three",
        "vertices": 20,
        "faces": 18
    },
    "faces": [33,1,0,16,17,0,1,2,3,33,2,1,8,9,4,0,3,5,33,6,7,3,2,6,7,8,4,33,0,3,7,4,1,8,7,9,33,0,1,2,3,1,0,4,8,33,4,7,15,12,9,7,10,11,33,10,11,9,8,12,13,5,3,33,6,2,9,11,6,4,5,13,33,5,6,11,10,12,6,13,12,33,1,5,10,8,0,12,12,3,33,15,14,13,12,10,13,12,11,33,7,6,14,15,7,6,13,10,33,6,5,13,14,6,12,12,13,33,5,4,12,13,12,9,11,12,33,18,19,17,16,11,12,3,2,33,5,1,17,19,12,0,3,12,33,4,5,19,18,9,12,12,11,33,0,4,18,16,1,9,11,2]
}