{
    "uvs": [],
    "name": "Cube.021Geometry",
    "normals": [0.607593,-0.78341,-0.13065,-0.542375,-0.813135,-0.211158,-0.527909,0.15537,-0.834925,0.625141,0.18952,-0.757134,0.560259,0.808039,0.181982,0.54088,-0.153294,0.826991,-0.595447,0.792291,0.132939,-0.610401,-0.163549,0.774987],
    "vertices": [0.142995,0.406525,0.110125,0.14698,0.40666,0.110437,0.142266,0.450424,0.177121,0.138268,0.450409,0.176991,0.143048,0.409902,0.107982,0.147034,0.410037,0.108294,0.142327,0.453724,0.174861,0.138329,0.453709,0.174731],
    "metadata": {
        "uvs": 0,
        "type": "Geometry",
        "version": 3,
        "normals": 8,
        "generator": "io_three",
        "vertices": 8,
        "faces": 6
    },
    "faces": [33,1,0,4,5,0,1,2,3,33,5,6,2,1,3,4,5,0,33,6,7,3,2,4,6,7,5,33,0,3,7,4,1,7,6,2,33,0,1,2,3,1,0,5,7,33,7,6,5,4,6,4,3,2]
}