{
    "uvs": [],
    "name": "Cube.023Geometry",
    "normals": [0.525925,-0.842341,-0.117527,-0.622974,-0.779077,-0.0701621,-0.610065,0.124424,-0.782495,0.54503,0.0669271,-0.835719,0.642445,0.765984,0.0221564,0.626392,-0.11829,0.77044,-0.508988,0.85345,0.111728,-0.517869,-0.0251167,0.855068,-0.565233,0.142369,-0.812525,0.591235,0.136601,-0.794824,0.571306,-0.81048,-0.129093,-0.581164,-0.799738,-0.150456,0.60033,0.79162,0.113529,0.579852,-0.139195,0.802728,-0.556749,0.820612,0.128727,-0.571368,-0.104068,0.814051],
    "vertices": [0.138598,0.50632,0.255206,0.142593,0.506155,0.255088,0.149633,0.556316,0.316759,0.145665,0.556671,0.317111,0.138657,0.509492,0.25277,0.142652,0.509327,0.252652,0.14967,0.55933,0.314129,0.145701,0.559685,0.314481,0.137856,0.45483,0.183657,0.141854,0.454833,0.183769,0.142379,0.501411,0.248655,0.138383,0.501559,0.248751,0.137917,0.458122,0.181385,0.141916,0.458124,0.181497,0.142439,0.504595,0.246234,0.138443,0.504743,0.246331],
    "metadata": {
        "uvs": 0,
        "type": "Geometry",
        "version": 3,
        "normals": 16,
        "generator": "io_three",
        "vertices": 16,
        "faces": 12
    },
    "faces": [33,1,0,4,5,0,1,2,3,33,5,6,2,1,3,4,5,0,33,6,7,3,2,4,6,7,5,33,0,3,7,4,1,7,6,2,33,0,1,2,3,1,0,5,7,33,7,6,5,4,6,4,3,2,33,12,13,9,8,8,9,10,11,33,13,14,10,9,9,12,13,10,33,14,15,11,10,12,14,15,13,33,15,12,8,11,14,8,11,15,33,8,9,10,11,11,10,13,15,33,15,14,13,12,14,12,9,8]
}