{
    "uvs": [],
    "name": "Cube.026Geometry",
    "normals": [0.386853,-0.920255,0.058504,-0.697256,-0.645039,0.31254,-0.770135,-0.00070193,-0.637867,0.327677,-0.276742,-0.903317,0.692953,0.606494,-0.389813,0.7846,0.0469985,0.618183,-0.394452,0.912473,-0.108463,-0.285867,0.350353,0.891903,-0.713401,0.063448,-0.697836,0.411634,-0.132725,-0.901608,0.42375,-0.904996,-0.0369579,-0.691336,-0.705161,0.157384,0.700919,0.675466,-0.228919,0.731071,-0.0415662,0.68099,-0.412122,0.9111,0.00711081,-0.368114,0.197607,0.908505,-0.657216,0.101413,-0.746818,0.487899,-0.0174871,-0.872707,0.477371,-0.873836,-0.0921964,-0.660939,-0.749901,0.0274056,0.677847,0.730094,-0.0864284,0.674764,-0.0910062,0.732353,-0.460311,0.884365,0.077456,-0.452345,0.0698874,0.889096],
    "vertices": [0.186036,0.687282,0.439564,0.189838,0.686384,0.438703,0.217007,0.751145,0.476518,0.213282,0.752227,0.477494,0.185854,0.689619,0.436323,0.189655,0.68872,0.435461,0.216603,0.752955,0.472973,0.212878,0.754037,0.47395,0.162108,0.621749,0.385825,0.166007,0.621121,0.385188,0.187188,0.680047,0.434609,0.183378,0.680924,0.435456,0.162072,0.624483,0.382906,0.16597,0.623855,0.382269,0.187024,0.682431,0.431401,0.183214,0.683308,0.432247,0.14645,0.561751,0.323258,0.150415,0.561375,0.322884,0.163965,0.615292,0.380124,0.160059,0.615896,0.380738,0.146484,0.564747,0.320609,0.150448,0.564372,0.320235,0.163939,0.618058,0.377235,0.160032,0.618662,0.377849],
    "metadata": {
        "uvs": 0,
        "type": "Geometry",
        "version": 3,
        "normals": 24,
        "generator": "io_three",
        "vertices": 24,
        "faces": 18
    },
    "faces": [33,1,0,4,5,0,1,2,3,33,5,6,2,1,3,4,5,0,33,6,7,3,2,4,6,7,5,33,0,3,7,4,1,7,6,2,33,0,1,2,3,1,0,5,7,33,7,6,5,4,6,4,3,2,33,12,13,9,8,8,9,10,11,33,13,14,10,9,9,12,13,10,33,14,15,11,10,12,14,15,13,33,15,12,8,11,14,8,11,15,33,8,9,10,11,11,10,13,15,33,15,14,13,12,14,12,9,8,33,20,21,17,16,16,17,18,19,33,21,22,18,17,17,20,21,18,33,22,23,19,18,20,22,23,21,33,23,20,16,19,22,16,19,23,33,16,17,18,19,19,18,21,23,33,23,22,21,20,22,20,17,16]
}