{
    "uvs": [],
    "name": "Cube.028Geometry",
    "normals": [0.51738,-0.782189,0.347026,-0.562792,-0.536393,0.628895,-0.810266,-0.32664,-0.486526,0.296182,-0.578021,-0.760338,0.516495,0.528886,-0.673391,0.764428,0.46968,0.441603,-0.610584,0.677908,-0.409314,-0.335002,0.606006,0.721427,-0.81399,-0.114902,-0.569384,0.267434,-0.436903,-0.858821,0.402173,-0.894833,0.19364,-0.661946,-0.579394,0.475478,0.639424,0.54268,-0.544572,0.815088,0.20484,0.541856,-0.448622,0.854976,-0.260201,-0.250649,0.505478,0.825587],
    "vertices": [0.246497,0.837733,0.504715,0.250253,0.836757,0.503748,0.266399,0.914237,0.509588,0.262524,0.914538,0.510533,0.24575,0.838647,0.500893,0.249507,0.837672,0.499926,0.265454,0.914259,0.505702,0.261578,0.914559,0.506646,0.216205,0.759134,0.480328,0.219928,0.758046,0.479348,0.24772,0.829258,0.502358,0.243973,0.830266,0.503331,0.215774,0.760878,0.476754,0.219496,0.75979,0.475774,0.247001,0.830259,0.498552,0.243254,0.831267,0.499525],
    "metadata": {
        "uvs": 0,
        "type": "Geometry",
        "version": 3,
        "normals": 16,
        "generator": "io_three",
        "vertices": 16,
        "faces": 12
    },
    "faces": [33,1,0,4,5,0,1,2,3,33,5,6,2,1,3,4,5,0,33,6,7,3,2,4,6,7,5,33,0,3,7,4,1,7,6,2,33,0,1,2,3,1,0,5,7,33,7,6,5,4,6,4,3,2,33,12,13,9,8,8,9,10,11,33,13,14,10,9,9,12,13,10,33,14,15,11,10,12,14,15,13,33,15,12,8,11,14,8,11,15,33,8,9,10,11,11,10,13,15,33,15,14,13,12,14,12,9,8]
}