{
    "uvs": [],
    "name": "Cube.029Geometry",
    "normals": [0.716666,-0.53148,0.451491,-0.388806,-0.542833,0.744377,-0.678732,-0.6245,-0.386364,0.455458,-0.601703,-0.656087,0.308481,0.570727,-0.760979,0.55974,0.758568,0.333476,-0.79989,0.363842,-0.477218,-0.52382,0.554704,0.646443],
    "vertices": [0.263163,0.922441,0.510275,0.267044,0.922244,0.509327,0.257649,1.00051,0.501599,0.253926,0.999511,0.502672,0.262211,0.922371,0.506391,0.266092,0.922175,0.505443,0.25676,0.999715,0.497781,0.253037,0.99872,0.498854],
    "metadata": {
        "uvs": 0,
        "type": "Geometry",
        "version": 3,
        "normals": 8,
        "generator": "io_three",
        "vertices": 8,
        "faces": 6
    },
    "faces": [33,1,0,4,5,0,1,2,3,33,5,6,2,1,3,4,5,0,33,6,7,3,2,4,6,7,5,33,0,3,7,4,1,7,6,2,33,0,1,2,3,1,0,5,7,33,7,6,5,4,6,4,3,2]
}