{
    "uvs": [],
    "name": "Cube.006Geometry",
    "normals": [0.86581,-0.195685,0.460494,-0.163091,-0.577929,0.799585,-0.411817,-0.857265,-0.309,0.631642,-0.459761,-0.624165,0.0713523,0.601276,-0.795831,0.280648,0.918363,0.278909,-0.888211,0.0480056,-0.456862,-0.665334,0.375774,0.645039],
    "vertices": [0.252004,1.00709,0.50159,0.255686,1.00821,0.500498,0.219066,1.07789,0.488814,0.215915,1.07577,0.490074,0.251132,1.00624,0.49778,0.254814,1.00736,0.496688,0.218352,1.07672,0.485057,0.215201,1.0746,0.486318],
    "metadata": {
        "uvs": 0,
        "type": "Geometry",
        "version": 3,
        "normals": 8,
        "generator": "io_three",
        "vertices": 8,
        "faces": 6
    },
    "faces": [33,1,0,4,5,0,1,2,3,33,5,6,2,1,3,4,5,0,33,6,7,3,2,4,6,7,5,33,0,3,7,4,1,7,6,2,33,0,1,2,3,1,0,5,7,33,7,6,5,4,6,4,3,2]
}