{
    "uvs": [],
    "name": "Cube.141Geometry",
    "normals": [-0.295938,-0.622333,-0.724631,-0.0860927,-0.958892,0.270272,-0.644826,-0.742668,0.180486,-0.535447,-0.18421,-0.824213,0.68453,-0.66625,-0.295755,0.613605,-0.264779,-0.743858,0.936827,0.345775,-0.0522782,0.636647,-0.391278,0.664479,0.504196,-0.823206,0.260842,-0.377575,-0.153356,0.913175,0.535447,0.18421,0.824213,-0.613605,0.264779,0.743858,-0.504196,0.823206,-0.260842,0.644856,0.742668,-0.180486,-0.504227,0.823206,-0.260842],
    "vertices": [0.202405,1.08516,0.485551,0.203353,1.09,0.47685,0.213304,1.0893,0.477546,0.212357,1.08447,0.486247,0.202676,1.09389,0.49043,0.203623,1.09872,0.481729,0.213575,1.09803,0.482425,0.212627,1.09319,0.491126,0.205722,1.10209,0.455097,0.215673,1.10139,0.455793,0.205992,1.11081,0.459975,0.215943,1.11012,0.460671,0.203352,1.1157,0.502627,0.204299,1.12054,0.493926,0.214251,1.11984,0.494622,0.213303,1.115,0.503323,0.177527,1.08691,0.483812,0.178475,1.09174,0.47511,0.177797,1.09563,0.48869,0.178745,1.10047,0.479989],
    "metadata": {
        "uvs": 0,
        "type": "Geometry",
        "version": 3,
        "normals": 15,
        "generator": "io_three",
        "vertices": 20,
        "faces": 18
    },
    "faces": [33,1,0,16,17,0,1,2,3,33,2,1,8,9,4,0,3,5,33,6,7,3,2,6,7,8,4,33,0,3,7,4,1,8,7,9,33,0,1,2,3,1,0,4,8,33,4,7,15,12,9,7,10,11,33,10,11,9,8,12,13,5,3,33,6,2,9,11,6,4,5,13,33,5,6,11,10,12,6,13,12,33,1,5,10,8,0,12,12,3,33,15,14,13,12,10,13,12,11,33,7,6,14,15,7,6,13,10,33,6,5,13,14,6,12,12,13,33,5,4,12,13,12,9,11,12,33,18,19,17,16,11,14,3,2,33,5,1,17,19,12,0,3,14,33,4,5,19,18,9,12,14,11,33,0,4,18,16,1,9,11,2]
}