{
    "uvs": [],
    "name": "Cube.012Geometry",
    "normals": [-0.606616,-0.789727,-0.0910367,0.523118,-0.813257,-0.254738,0.658956,-0.180944,0.730064,-0.501572,-0.164708,0.849269,-0.443312,0.860378,0.25132,-0.554674,0.338847,-0.759911,0.70397,0.672872,0.227149,0.574908,0.144658,-0.805292],
    "vertices": [0.0227293,-0.381713,0.057329,0.0187974,-0.381965,0.0580195,0.0241736,-0.313374,0.0185437,0.0280845,-0.314213,0.0185151,0.0231423,-0.379363,0.0605398,0.0192104,-0.379615,0.0612302,0.0245646,-0.311674,0.0221434,0.0284755,-0.312513,0.0221148],
    "metadata": {
        "uvs": 0,
        "type": "Geometry",
        "version": 3,
        "normals": 8,
        "generator": "io_three",
        "vertices": 8,
        "faces": 6
    },
    "faces": [33,1,0,4,5,0,1,2,3,33,5,6,2,1,3,4,5,0,33,6,7,3,2,4,6,7,5,33,0,3,7,4,1,7,6,2,33,0,1,2,3,1,0,5,7,33,7,6,5,4,6,4,3,2]
}