{
    "uvs": [],
    "name": "Cube.014Geometry",
    "normals": [-0.780023,-0.461806,-0.422193,0.285379,-0.890072,-0.355327,0.349498,-0.558,0.752617,-0.724174,-0.127445,0.677694,-0.280648,0.883419,0.375225,-0.318766,0.591968,-0.740196,0.780969,0.427045,0.455733,0.736198,0.138066,-0.662496,0.459273,-0.44087,0.771142,-0.659841,-0.132603,0.739586,-0.753655,-0.578722,-0.311533,0.352214,-0.886929,-0.298746,-0.319895,0.893063,0.316294,-0.395795,0.50856,-0.764641,0.773461,0.510636,0.375408,0.687338,0.126194,-0.715262],
    "vertices": [0.0561885,-0.230026,-0.0164368,0.0524599,-0.228596,-0.0166641,0.0838992,-0.157934,-0.0377484,0.0875571,-0.159529,-0.0374697,0.0564257,-0.228804,-0.0126356,0.0526971,-0.227373,-0.0128629,0.0840173,-0.156984,-0.0338647,0.0876753,-0.158578,-0.033586,0.0294327,-0.30726,0.0149332,0.0255416,-0.306333,0.0149187,0.0496465,-0.235663,-0.0141434,0.0533875,-0.237062,-0.0139272,0.0298107,-0.305616,0.0185603,0.0259196,-0.304689,0.0185458,0.0498969,-0.234408,-0.0103535,0.0536379,-0.235807,-0.0101373],
    "metadata": {
        "uvs": 0,
        "type": "Geometry",
        "version": 3,
        "normals": 16,
        "generator": "io_three",
        "vertices": 16,
        "faces": 12
    },
    "faces": [33,1,0,4,5,0,1,2,3,33,5,6,2,1,3,4,5,0,33,6,7,3,2,4,6,7,5,33,0,3,7,4,1,7,6,2,33,0,1,2,3,1,0,5,7,33,7,6,5,4,6,4,3,2,33,12,13,9,8,8,9,10,11,33,13,14,10,9,9,12,13,10,33,14,15,11,10,12,14,15,13,33,15,12,8,11,14,8,11,15,33,8,9,10,11,11,10,13,15,33,15,14,13,12,14,12,9,8]
}