{
    "uvs": [],
    "name": "Cube.017Geometry",
    "normals": [-0.71337,-0.373486,-0.592914,0.359722,-0.779138,-0.513321,0.310099,-0.707633,0.634877,-0.77221,-0.298166,0.560991,-0.408063,0.733146,0.543992,-0.326579,0.71865,-0.613849,0.693838,0.374645,0.614948,0.763543,0.366588,-0.531571,0.288888,-0.668599,0.685202,-0.769799,-0.205786,0.604175,-0.753166,-0.37846,-0.538011,0.299142,-0.838008,-0.456282,-0.325419,0.81399,0.481124,-0.28843,0.685263,-0.668722,0.74282,0.369884,0.558,0.771386,0.246345,-0.586718,0.30253,-0.621113,0.722953,-0.753471,-0.152867,0.639424,-0.774041,-0.406049,-0.485702,0.275765,-0.871639,-0.405133,-0.286447,0.857845,0.426618,-0.288339,0.643788,-0.708762,0.768944,0.3867,0.509049,0.759972,0.176519,-0.625507],
    "vertices": [0.162856,0.00618229,-0.0651229,0.159142,0.0076452,-0.0653917,0.186253,0.0827771,-0.0669206,0.190081,0.0816466,-0.0666549,0.162698,0.0065135,-0.0611397,0.158985,0.00797641,-0.0614085,0.185958,0.0827144,-0.062932,0.189786,0.081584,-0.0626663,0.127532,-0.0740254,-0.0554656,0.12388,-0.0724178,-0.0557493,0.15605,0.0002856,-0.0647824,0.159755,-0.00119686,-0.0645122,0.12751,-0.0733779,-0.0515184,0.123858,-0.0717703,-0.0518021,0.155904,0.0006482,-0.0608015,0.15961,-0.00083426,-0.0605313,0.090885,-0.152437,-0.0391311,0.0872292,-0.150838,-0.0394111,0.120545,-0.0796032,-0.0545667,0.124194,-0.0812168,-0.054282,0.0909918,-0.151512,-0.0352411,0.087336,-0.149913,-0.0355211,0.120535,-0.0789299,-0.0506237,0.124184,-0.0805435,-0.0503391],
    "metadata": {
        "uvs": 0,
        "type": "Geometry",
        "version": 3,
        "normals": 24,
        "generator": "io_three",
        "vertices": 24,
        "faces": 18
    },
    "faces": [33,1,0,4,5,0,1,2,3,33,5,6,2,1,3,4,5,0,33,6,7,3,2,4,6,7,5,33,0,3,7,4,1,7,6,2,33,0,1,2,3,1,0,5,7,33,7,6,5,4,6,4,3,2,33,12,13,9,8,8,9,10,11,33,13,14,10,9,9,12,13,10,33,14,15,11,10,12,14,15,13,33,15,12,8,11,14,8,11,15,33,8,9,10,11,11,10,13,15,33,15,14,13,12,14,12,9,8,33,20,21,17,16,16,17,18,19,33,21,22,18,17,17,20,21,18,33,22,23,19,18,20,22,23,21,33,23,20,16,19,22,16,19,23,33,16,17,18,19,19,18,21,23,33,23,22,21,20,22,20,17,16]
}