{
    "uvs": [],
    "name": "Cube.019Geometry",
    "normals": [-0.492996,-0.401654,-0.771722,0.641865,-0.429121,-0.635456,0.531358,-0.707999,0.465102,-0.629597,-0.692038,0.353008,-0.725364,0.237983,0.645863,-0.602161,0.66567,-0.440748,0.419172,0.403272,0.813379,0.508835,0.827418,-0.237556,0.377422,-0.73281,0.566118,-0.745903,-0.447493,0.493271,-0.641926,-0.387341,-0.661702,0.468001,-0.669454,-0.576861,-0.544298,0.575274,0.610523,-0.419599,0.729881,-0.539567,0.603656,0.395184,0.692373,0.707114,0.558153,-0.434065],
    "vertices": [0.210039,0.175313,-0.0569284,0.206069,0.175629,-0.057299,0.199121,0.25059,-0.0340949,0.202955,0.25145,-0.0333468,0.209612,0.17452,-0.0530311,0.205642,0.174836,-0.0534016,0.198795,0.248902,-0.0304832,0.202629,0.249762,-0.0297351,0.192614,0.0892764,-0.0665795,0.188775,0.0903664,-0.0668469,0.205157,0.16789,-0.0586257,0.209121,0.167486,-0.058273,0.192306,0.08917,-0.0625928,0.188467,0.09026,-0.0628602,0.204735,0.16717,-0.0547137,0.208699,0.166766,-0.054361],
    "metadata": {
        "uvs": 0,
        "type": "Geometry",
        "version": 3,
        "normals": 16,
        "generator": "io_three",
        "vertices": 16,
        "faces": 12
    },
    "faces": [33,1,0,4,5,0,1,2,3,33,5,6,2,1,3,4,5,0,33,6,7,3,2,4,6,7,5,33,0,3,7,4,1,7,6,2,33,0,1,2,3,1,0,5,7,33,7,6,5,4,6,4,3,2,33,12,13,9,8,8,9,10,11,33,13,14,10,9,9,12,13,10,33,14,15,11,10,12,14,15,13,33,15,12,8,11,14,8,11,15,33,8,9,10,11,11,10,13,15,33,15,14,13,12,14,12,9,8]
}