{
    "uvs": [],
    "name": "Cube.005Geometry",
    "normals": [-0.259804,-0.346538,-0.901334,0.789148,-0.00268563,-0.614185,0.742515,-0.552385,0.378826,-0.328227,-0.937895,0.112094,-0.793908,-0.22071,0.566515,-0.794977,0.475204,-0.377026,0.173315,0.318979,0.931761,0.149785,0.988647,0.0112919],
    "vertices": [0.199692,0.257907,-0.0297592,0.195901,0.256919,-0.0305652,0.157796,0.314512,0.006474,0.160936,0.316524,0.00792117,0.199396,0.256129,-0.0261882,0.195605,0.255141,-0.0269942,0.157951,0.312022,0.00960027,0.161091,0.314033,0.0110474],
    "metadata": {
        "uvs": 0,
        "type": "Geometry",
        "version": 3,
        "normals": 8,
        "generator": "io_three",
        "vertices": 8,
        "faces": 6
    },
    "faces": [33,1,0,4,5,0,1,2,3,33,5,6,2,1,3,4,5,0,33,6,7,3,2,4,6,7,5,33,0,3,7,4,1,7,6,2,33,0,1,2,3,1,0,5,7,33,7,6,5,4,6,4,3,2]
}