{
    "uvs": [],
    "name": "Cube.140Geometry",
    "normals": [0.493301,0.244575,-0.834742,-0.378796,-0.377117,-0.845149,-0.483779,0.219489,-0.847194,0.539689,0.651814,-0.532731,0.461684,-0.758324,-0.460128,0.888699,-0.403027,-0.218482,0.434919,-0.665517,0.606525,-0.413007,-0.910703,-9.156e-05,-0.13477,-0.835353,-0.532914,-0.998596,-0.0152898,-0.0500809,-0.539689,-0.651814,0.532731,-0.888699,0.403027,0.218482,0.13477,0.835353,0.532914,0.483779,-0.219489,0.847194,0.13477,0.835322,0.532914],
    "vertices": [0.122068,0.34478,0.0292132,0.130932,0.348525,0.0319364,0.133954,0.339389,0.0346579,0.125091,0.335645,0.0319348,0.118561,0.34637,0.0384423,0.127425,0.350114,0.0411655,0.130448,0.340978,0.0438871,0.121584,0.337234,0.0411639,0.153091,0.357885,0.0387443,0.156114,0.348749,0.0414659,0.149585,0.359474,0.0479734,0.152607,0.350338,0.050695,0.109794,0.350343,0.0615152,0.118658,0.354087,0.0642384,0.121681,0.344951,0.06696,0.112817,0.341207,0.0642368,0.114511,0.367619,0.0224092,0.123375,0.371363,0.0251324,0.111005,0.369208,0.0316383,0.119868,0.372952,0.0343615],
    "metadata": {
        "uvs": 0,
        "type": "Geometry",
        "version": 3,
        "normals": 15,
        "generator": "io_three",
        "vertices": 20,
        "faces": 18
    },
    "faces": [33,1,0,16,17,0,1,2,3,33,2,1,8,9,4,0,3,5,33,6,7,3,2,6,7,8,4,33,0,3,7,4,1,8,7,9,33,0,1,2,3,1,0,4,8,33,4,7,15,12,9,7,10,11,33,10,11,9,8,12,13,5,3,33,6,2,9,11,6,4,5,13,33,5,6,11,10,12,6,13,12,33,1,5,10,8,0,12,12,3,33,15,14,13,12,10,13,14,11,33,7,6,14,15,7,6,13,10,33,6,5,13,14,6,12,14,13,33,5,4,12,13,12,9,11,14,33,18,19,17,16,11,12,3,2,33,5,1,17,19,12,0,3,12,33,4,5,19,18,9,12,12,11,33,0,4,18,16,1,9,11,2]
}