{
    "uvs": [],
    "name": "Cube.031Geometry.1",
    "normals": [-0.523331,-0.823481,-0.219031,0.426221,-0.791314,0.438276,0.0144658,0.13184,0.99115,-0.935759,0.103885,0.336924,-0.440718,0.783624,-0.437788,-0.0317392,-0.148442,-0.988403,0.522691,0.829707,0.195776,0.930967,-0.0982696,-0.351604],
    "vertices": [0.935711,-0.353416,-0.474022,0.93244,-0.353494,-0.476323,0.967014,-0.306015,-0.530445,0.970369,-0.305822,-0.528274,0.934278,-0.350218,-0.472094,0.931007,-0.350296,-0.474395,0.965604,-0.302786,-0.528551,0.968958,-0.302594,-0.52638],
    "metadata": {
        "uvs": 0,
        "type": "Geometry",
        "version": 3,
        "normals": 8,
        "generator": "io_three",
        "vertices": 8,
        "faces": 6
    },
    "faces": [33,1,0,4,5,0,1,2,3,33,5,6,2,1,3,4,5,0,33,6,7,3,2,4,6,7,5,33,0,3,7,4,1,7,6,2,33,0,1,2,3,1,0,5,7,33,7,6,5,4,6,4,3,2]
}