{
    "uvs": [],
    "name": "Cube.033Geometry",
    "normals": [-0.505478,-0.855434,-0.112674,0.498856,-0.742119,0.447615,0.101596,0.201209,0.974242,-0.903501,0.0941191,0.418073,-0.520707,0.729362,-0.443678,-0.126743,-0.227607,-0.965453,0.500412,0.862423,0.0760827,0.893429,-0.087405,-0.440596,0.054445,0.163091,0.985076,-0.922208,0.0984222,0.373882,-0.516739,-0.838893,-0.170843,0.459212,-0.769585,0.443648,-0.475631,0.76046,-0.44203,-0.0736717,-0.182348,-0.980438,0.514695,0.845149,0.144017,0.91586,-0.0926847,-0.390637],
    "vertices": [1.00803,-0.250093,-0.596875,1.00457,-0.250439,-0.598855,1.03152,-0.205851,-0.659271,1.03508,-0.205337,-0.657519,1.00665,-0.246823,-0.595031,1.00319,-0.24717,-0.597012,1.03016,-0.202537,-0.657488,1.03372,-0.202023,-0.655735,0.9737,-0.301108,-0.533824,0.970337,-0.301312,-0.535981,1.0016,-0.255009,-0.59302,1.00505,-0.254677,-0.591021,0.972292,-0.297877,-0.531934,0.968929,-0.298081,-0.53409,1.00022,-0.251744,-0.591171,1.00367,-0.251411,-0.589172],
    "metadata": {
        "uvs": 0,
        "type": "Geometry",
        "version": 3,
        "normals": 16,
        "generator": "io_three",
        "vertices": 16,
        "faces": 12
    },
    "faces": [33,1,0,4,5,0,1,2,3,33,5,6,2,1,3,4,5,0,33,6,7,3,2,4,6,7,5,33,0,3,7,4,1,7,6,2,33,0,1,2,3,1,0,5,7,33,7,6,5,4,6,4,3,2,33,12,13,9,8,8,9,10,11,33,13,14,10,9,9,12,13,10,33,14,15,11,10,12,14,15,13,33,15,12,8,11,14,8,11,15,33,8,9,10,11,11,10,13,15,33,15,14,13,12,14,12,9,8]
}