{
    "uvs": [],
    "name": "Cube.036Geometry",
    "normals": [-0.315348,-0.941191,-0.121189,0.756279,-0.636372,0.151708,0.354961,0.116306,0.92761,-0.732292,-0.191229,0.653554,-0.77813,0.620136,-0.0995209,-0.366802,-0.073397,-0.927366,0.305887,0.937773,0.164251,0.706748,0.2425,-0.664571,0.264657,0.271249,0.925382,-0.818628,0.0274667,0.573656,-0.412549,-0.910642,0.0227058,0.647603,-0.66216,0.376965,-0.719138,0.642201,-0.265236,-0.295083,-0.204505,-0.933317,0.375805,0.925901,0.037904,0.767693,0.0806299,-0.635701,0.165502,0.255226,0.952605,-0.873135,0.0920133,0.478683,-0.483901,-0.874538,-0.0311899,0.55385,-0.701773,0.447981,-0.58858,0.682974,-0.432478,-0.199805,-0.288369,-0.93643,0.46968,0.882687,-0.0158086,0.853938,-0.0777001,-0.514481],
    "vertices": [1.06748,-0.103047,-0.806436,1.06374,-0.104089,-0.807401,1.0601,-0.0451648,-0.861609,1.06383,-0.0440548,-0.860708,1.06606,-0.10035,-0.803846,1.06232,-0.101392,-0.804811,1.0587,-0.0428274,-0.858681,1.06243,-0.0417174,-0.85778,1.05969,-0.155057,-0.73567,1.056,-0.155851,-0.736987,1.06378,-0.109621,-0.801586,1.06752,-0.108591,-0.800609,1.05835,-0.151727,-0.733909,1.05466,-0.152521,-0.735225,1.06236,-0.106865,-0.799059,1.0661,-0.105835,-0.798082,1.03752,-0.200972,-0.663782,1.03395,-0.201506,-0.665506,1.05446,-0.159783,-0.730206,1.05814,-0.159015,-0.728847,1.03616,-0.197654,-0.662006,1.03259,-0.198187,-0.66373,1.05312,-0.156439,-0.728467,1.05681,-0.155671,-0.727108],
    "metadata": {
        "uvs": 0,
        "type": "Geometry",
        "version": 3,
        "normals": 24,
        "generator": "io_three",
        "vertices": 24,
        "faces": 18
    },
    "faces": [33,1,0,4,5,0,1,2,3,33,5,6,2,1,3,4,5,0,33,6,7,3,2,4,6,7,5,33,0,3,7,4,1,7,6,2,33,0,1,2,3,1,0,5,7,33,7,6,5,4,6,4,3,2,33,12,13,9,8,8,9,10,11,33,13,14,10,9,9,12,13,10,33,14,15,11,10,12,14,15,13,33,15,12,8,11,14,8,11,15,33,8,9,10,11,11,10,13,15,33,15,14,13,12,14,12,9,8,33,20,21,17,16,16,17,18,19,33,21,22,18,17,17,20,21,18,33,22,23,19,18,20,22,23,21,33,23,20,16,19,22,16,19,23,33,16,17,18,19,19,18,21,23,33,23,22,21,20,22,20,17,16]
}