{
    "uvs": [],
    "name": "Cube.038Geometry",
    "normals": [-0.27372,-0.931089,-0.241066,0.800806,-0.598804,0.009064,0.407666,0.00173956,0.913114,-0.671682,-0.331614,0.662435,-0.806879,0.590594,0.00976592,-0.412458,0.0154729,-0.910825,0.272103,0.926878,0.258492,0.661641,0.350566,-0.66277,0.599658,-0.540208,0.590381,-0.508744,-0.802515,0.311655,-0.261513,-0.553819,-0.79049,0.809992,-0.284066,-0.513016,-0.834925,0.0716269,0.54564,-0.662404,0.537614,-0.521683,0.236366,0.45613,0.857936,0.339244,0.925138,-0.170263,0.435621,-0.058504,0.89819,-0.649007,-0.400128,0.647023,-0.259621,-0.913938,-0.311899,0.808283,-0.585498,-0.0618915,-0.844234,0.475204,0.24781,-0.479293,0.303964,-0.823298,0.290963,0.802881,0.520249,0.57033,0.583087,-0.578539,0.388318,0.0419629,0.92056,-0.693197,-0.282601,0.663015,-0.287393,-0.937071,-0.198218,0.787255,-0.613788,0.0587787,-0.796319,0.6039,-0.0341502,-0.394543,-0.0211799,-0.918607,0.283975,0.933378,0.219367,0.680135,0.307199,-0.665578],
    "vertices": [1.05495,0.0313016,-0.919755,1.05121,0.0301534,-0.920626,1.04169,0.0950465,-0.966562,1.04542,0.0962129,-0.965704,1.05357,0.0334145,-0.916649,1.04984,0.0322663,-0.91752,1.04034,0.0970052,-0.963348,1.04407,0.0981716,-0.96249,1.02971,0.180144,-1.00715,1.02592,0.17923,-1.00807,1.00281,0.252939,-0.988866,1.00622,0.25458,-0.987553,1.02891,0.179564,-1.00328,1.02513,0.17865,-1.00419,1.00243,0.250962,-0.98541,1.00584,0.252602,-0.984096,1.04436,0.102815,-0.970119,1.04064,0.101647,-0.970977,1.02799,0.171263,-1.00854,1.03177,0.172227,-1.00763,1.04301,0.104755,-0.966892,1.03929,0.103588,-0.967749,1.02708,0.17113,-1.00465,1.03086,0.172094,-1.00373,1.0632,-0.0378767,-0.865776,1.05946,-0.0389906,-0.866674,1.05209,0.0237473,-0.915901,1.05582,0.0248932,-0.915028,1.0618,-0.0355613,-0.862829,1.05806,-0.0366752,-0.863727,1.05071,0.0258756,-0.912807,1.05444,0.0270215,-0.911934],
    "metadata": {
        "uvs": 0,
        "type": "Geometry",
        "version": 3,
        "normals": 32,
        "generator": "io_three",
        "vertices": 32,
        "faces": 24
    },
    "faces": [33,1,0,4,5,0,1,2,3,33,5,6,2,1,3,4,5,0,33,6,7,3,2,4,6,7,5,33,0,3,7,4,1,7,6,2,33,0,1,2,3,1,0,5,7,33,7,6,5,4,6,4,3,2,33,12,13,9,8,8,9,10,11,33,13,14,10,9,9,12,13,10,33,14,15,11,10,12,14,15,13,33,15,12,8,11,14,8,11,15,33,8,9,10,11,11,10,13,15,33,15,14,13,12,14,12,9,8,33,20,21,17,16,16,17,18,19,33,21,22,18,17,17,20,21,18,33,22,23,19,18,20,22,23,21,33,23,20,16,19,22,16,19,23,33,16,17,18,19,19,18,21,23,33,23,22,21,20,22,20,17,16,33,28,29,25,24,24,25,26,27,33,29,30,26,25,25,28,29,26,33,30,31,27,26,28,30,31,29,33,31,28,24,27,30,24,27,31,33,24,25,26,27,27,26,29,31,33,31,30,29,28,30,28,25,24]
}