{
    "uvs": [],
    "name": "Cube.041Geometry",
    "normals": [0.182257,-0.385723,-0.904416,0.824,0.418043,-0.382397,0.77636,-0.18305,0.603076,0.133244,-0.987915,0.0788293,-0.820826,-0.420698,0.386273,-0.782281,0.187292,-0.594043,-0.172582,0.380718,0.908414,-0.134892,0.988128,-0.073397,0.745598,-0.189154,0.638966,0.0909452,-0.988617,0.119785,0.202673,-0.422254,-0.883511,0.855159,0.371868,-0.361034,-0.846736,-0.392102,0.359478,-0.74752,0.18009,-0.639302,-0.21015,0.4167,0.884396,-0.111728,0.987182,-0.113895,0.751854,-0.176244,0.635304,0.118503,-0.986938,0.108921,0.210181,-0.410352,-0.887356,0.842585,0.398968,-0.361736,-0.835414,-0.409162,0.366924,-0.761315,0.179724,-0.622944,-0.199011,0.401379,0.894009,-0.127812,0.986816,-0.0992157,0.743461,-0.223701,0.630207,0.0459914,-0.991394,0.12241,0.169988,-0.435438,-0.883999,0.866878,0.330332,-0.373302,-0.863002,-0.344676,0.369335,-0.741325,0.21308,-0.636402,-0.182196,0.435072,0.881741,-0.0613117,0.990722,-0.121158,0.754601,-0.400922,0.519425,-0.15006,-0.983184,0.103854,-0.0342112,-0.412549,-0.910276,0.868892,0.15772,-0.469131,-0.866634,-0.266091,0.421979,-0.743095,0.299203,-0.598529,-0.0893277,0.445448,0.890805,0.0318918,0.994568,-0.0987884],
    "vertices": [0.7253,0.45984,-0.901356,0.723084,0.457048,-0.903171,0.656771,0.496446,-0.881731,0.659021,0.499218,-0.879927,0.725115,0.457766,-0.89794,0.722898,0.454975,-0.899755,0.65665,0.494335,-0.878336,0.6589,0.497106,-0.876532,0.871642,0.369606,-0.939771,0.869338,0.366872,-0.941565,0.803132,0.408435,-0.92468,0.805326,0.41124,-0.922858,0.871235,0.367669,-0.936295,0.868931,0.364935,-0.938089,0.802801,0.40645,-0.921223,0.804995,0.409254,-0.919402,0.798668,0.415333,-0.921143,0.796475,0.412527,-0.922965,0.729756,0.45308,-0.905192,0.731962,0.455878,-0.903374,0.798338,0.413346,-0.917687,0.796145,0.41054,-0.919509,0.729544,0.451022,-0.901768,0.73175,0.45382,-0.89995,0.941818,0.319847,-0.958744,0.939379,0.317208,-0.960502,0.875792,0.362476,-0.943244,0.878125,0.365191,-0.941457,0.941387,0.317926,-0.955262,0.938948,0.315287,-0.95702,0.875377,0.360545,-0.939766,0.877709,0.363259,-0.937979,1.00175,0.260652,-0.984577,0.998476,0.258834,-0.985979,0.945634,0.312573,-0.962283,0.948095,0.315195,-0.960532,1.00136,0.258683,-0.981117,0.998089,0.256864,-0.982519,0.945201,0.310653,-0.9588,0.947663,0.313275,-0.957049],
    "metadata": {
        "uvs": 0,
        "type": "Geometry",
        "version": 3,
        "normals": 40,
        "generator": "io_three",
        "vertices": 40,
        "faces": 30
    },
    "faces": [33,1,0,4,5,0,1,2,3,33,5,6,2,1,3,4,5,0,33,6,7,3,2,4,6,7,5,33,0,3,7,4,1,7,6,2,33,0,1,2,3,1,0,5,7,33,7,6,5,4,6,4,3,2,33,12,13,9,8,8,9,10,11,33,13,14,10,9,9,12,13,10,33,14,15,11,10,12,14,15,13,33,15,12,8,11,14,8,11,15,33,8,9,10,11,11,10,13,15,33,15,14,13,12,14,12,9,8,33,20,21,17,16,16,17,18,19,33,21,22,18,17,17,20,21,18,33,22,23,19,18,20,22,23,21,33,23,20,16,19,22,16,19,23,33,16,17,18,19,19,18,21,23,33,23,22,21,20,22,20,17,16,33,28,29,25,24,24,25,26,27,33,29,30,26,25,25,28,29,26,33,30,31,27,26,28,30,31,29,33,31,28,24,27,30,24,27,31,33,24,25,26,27,27,26,29,31,33,31,30,29,28,30,28,25,24,33,36,37,33,32,32,33,34,35,33,37,38,34,33,33,36,37,34,33,38,39,35,34,36,38,39,37,33,39,36,32,35,38,32,35,39,33,32,33,34,35,35,34,37,39,33,39,38,37,36,38,36,33,32]
}