{
    "uvs": [],
    "name": "Cube.055Geometry",
    "normals": [-0.495621,0.224769,-0.838923,0.212683,0.938169,-0.273049,0.983306,0.0846889,-0.160924,0.272774,-0.629017,-0.727928,-0.208045,-0.939238,0.272958,-0.981262,-0.0884426,0.171148,0.505234,-0.22367,0.833461,-0.26957,0.627003,0.730857,0.994385,0.0471206,-0.0946074,0.297311,-0.659444,-0.69042,-0.42909,0.217628,-0.876644,0.263619,0.921781,-0.284219,-0.241157,-0.931181,0.273293,-0.989074,-0.0655232,0.131993,0.46556,-0.219916,0.857234,-0.291238,0.642048,0.709159,0.997742,0.0217597,-0.0632954,0.302622,-0.684988,-0.662709,-0.395367,0.204993,-0.895321,0.295389,0.907102,-0.299753,-0.280923,-0.915555,0.287759,-0.996216,-0.0332957,0.08005,0.412854,-0.210303,0.886166,-0.3043,0.670217,0.67687,0.998871,-0.0473037,-0.00344859,0.292734,-0.756615,-0.584643,-0.32963,0.152806,-0.931639,0.373852,0.857845,-0.35258,-0.346812,-0.879055,0.327036,-0.999237,0.0270089,0.0279549,0.355205,-0.168004,0.919553,-0.304392,0.727622,0.614704,0.990753,-0.123997,0.0548723,0.241981,-0.843043,-0.4803,-0.27662,0.0778527,-0.957793,0.463546,0.772607,-0.43379,-0.405927,-0.83404,0.373577,-0.996429,0.0830714,-0.0130619,0.311838,-0.119541,0.942564,-0.283975,0.78518,0.550279],
    "vertices": [0.152664,0.627675,-0.346065,0.150211,0.625206,-0.348037,0.116866,0.603635,-0.278527,0.119338,0.606116,-0.276595,0.155322,0.624713,-0.345662,0.152869,0.622244,-0.347635,0.119552,0.600691,-0.278184,0.122024,0.603172,-0.276252,0.19436,0.648693,-0.420736,0.191959,0.646252,-0.422804,0.153652,0.627332,-0.354957,0.1561,0.629798,-0.352975,0.196859,0.645647,-0.420042,0.194458,0.643206,-0.422111,0.156301,0.624365,-0.354538,0.158749,0.626831,-0.352556,0.239233,0.667009,-0.494302,0.236832,0.664569,-0.49637,0.195968,0.647995,-0.42951,0.198368,0.650435,-0.427441,0.241625,0.663922,-0.493436,0.239224,0.661482,-0.495505,0.198462,0.644947,-0.42881,0.200862,0.647388,-0.426741,0.28957,0.676444,-0.566137,0.287122,0.673993,-0.568138,0.241135,0.665966,-0.503021,0.243542,0.668408,-0.50096,0.291704,0.673297,-0.564895,0.289256,0.670847,-0.566896,0.243472,0.662862,-0.502072,0.245879,0.665304,-0.500012,0.3427,0.677585,-0.63666,0.340067,0.675143,-0.638422,0.2918,0.674591,-0.574606,0.294251,0.677042,-0.572609,0.344372,0.674454,-0.634817,0.341739,0.672011,-0.636579,0.293926,0.671444,-0.573351,0.296377,0.673894,-0.571354],
    "metadata": {
        "uvs": 0,
        "type": "Geometry",
        "version": 3,
        "normals": 40,
        "generator": "io_three",
        "vertices": 40,
        "faces": 30
    },
    "faces": [33,1,0,4,5,0,1,2,3,33,5,6,2,1,3,4,5,0,33,6,7,3,2,4,6,7,5,33,0,3,7,4,1,7,6,2,33,0,1,2,3,1,0,5,7,33,7,6,5,4,6,4,3,2,33,12,13,9,8,8,9,10,11,33,13,14,10,9,9,12,13,10,33,14,15,11,10,12,14,15,13,33,15,12,8,11,14,8,11,15,33,8,9,10,11,11,10,13,15,33,15,14,13,12,14,12,9,8,33,20,21,17,16,16,17,18,19,33,21,22,18,17,17,20,21,18,33,22,23,19,18,20,22,23,21,33,23,20,16,19,22,16,19,23,33,16,17,18,19,19,18,21,23,33,23,22,21,20,22,20,17,16,33,28,29,25,24,24,25,26,27,33,29,30,26,25,25,28,29,26,33,30,31,27,26,28,30,31,29,33,31,28,24,27,30,24,27,31,33,24,25,26,27,27,26,29,31,33,31,30,29,28,30,28,25,24,33,36,37,33,32,32,33,34,35,33,37,38,34,33,33,36,37,34,33,38,39,35,34,36,38,39,37,33,39,36,32,35,38,32,35,39,33,32,33,34,35,35,34,37,39,33,39,38,37,36,38,36,33,32]
}