{
    "uvs": [],
    "name": "Cube.060Geometry",
    "normals": [-0.70571,0.136631,-0.695151,0.0807825,0.91995,-0.383587,0.903012,0.105899,-0.416303,0.110141,-0.675863,-0.728721,-0.0652486,-0.917173,0.393017,-0.883419,-0.110721,0.455275,0.735618,-0.126713,0.665426,-0.0927152,0.681631,0.725791,0.918638,0.105228,-0.380779,0.134892,-0.667806,-0.731986,-0.678182,0.149388,-0.719535,0.10181,0.923948,-0.368694,-0.0966826,-0.921781,0.375439,-0.912076,-0.106143,0.396008,0.690146,-0.144414,0.709067,-0.12775,0.672079,0.729331,0.951018,0.107089,-0.289926,0.194098,-0.638936,-0.744346,-0.607227,0.187872,-0.771966,0.144169,0.936735,-0.318857,-0.131199,-0.930082,0.343059,-0.934996,-0.110172,0.337016,0.644551,-0.171361,0.745079,-0.171636,0.654866,0.735954,0.959227,0.107212,-0.261422,0.214209,-0.631245,-0.745384,-0.584216,0.200354,-0.786462,0.158513,0.939695,-0.303018,-0.155614,-0.938688,0.307566,-0.956206,-0.108554,0.271737,0.592853,-0.197027,0.780816,-0.209418,0.633808,0.74456,0.977477,0.0936003,-0.189001,0.255989,-0.625752,-0.736778,-0.521561,0.220283,-0.824274,0.194311,0.940458,-0.278848,-0.180273,-0.940214,0.288858,-0.967559,-0.103366,0.230415,0.557665,-0.210822,0.80282,-0.239204,0.628407,0.740165],
    "vertices": [0.0132452,0.515575,0.0538693,0.0105182,0.512874,0.0527427,-0.00187015,0.496194,0.130198,0.00089584,0.49895,0.131067,0.0160771,0.512751,0.0537839,0.0133501,0.510051,0.0526573,0.0009882,0.493408,0.129934,0.00375419,0.496164,0.130803,0.0306219,0.534749,-0.0302016,0.0279201,0.532075,-0.031448,0.0120069,0.51459,0.0450648,0.0147322,0.517289,0.0461999,0.033442,0.531912,-0.0302306,0.0307402,0.529239,-0.031477,0.0148379,0.511766,0.0449842,0.0175632,0.514464,0.0461192,0.0550297,0.556671,-0.111661,0.0524328,0.554095,-0.113279,0.0296853,0.533889,-0.039063,0.0323794,0.536555,-0.0377835,0.0578091,0.553797,-0.111545,0.0552122,0.55122,-0.113163,0.0325022,0.531049,-0.0390783,0.0351963,0.533715,-0.0377988,0.0830292,0.580006,-0.191733,0.0804584,0.577452,-0.193425,0.0549167,0.556198,-0.120592,0.0575113,0.558772,-0.118967,0.0857958,0.577121,-0.19158,0.083225,0.574567,-0.193273,0.0576952,0.553322,-0.120474,0.0602898,0.555897,-0.118849,0.116075,0.603943,-0.26962,0.113601,0.60146,-0.271548,0.0831081,0.579603,-0.200673,0.0856736,0.582154,-0.198967,0.118764,0.601001,-0.269282,0.11629,0.598518,-0.27121,0.0858717,0.576716,-0.200513,0.0884373,0.579266,-0.198807],
    "metadata": {
        "uvs": 0,
        "type": "Geometry",
        "version": 3,
        "normals": 40,
        "generator": "io_three",
        "vertices": 40,
        "faces": 30
    },
    "faces": [33,1,0,4,5,0,1,2,3,33,5,6,2,1,3,4,5,0,33,6,7,3,2,4,6,7,5,33,0,3,7,4,1,7,6,2,33,0,1,2,3,1,0,5,7,33,7,6,5,4,6,4,3,2,33,12,13,9,8,8,9,10,11,33,13,14,10,9,9,12,13,10,33,14,15,11,10,12,14,15,13,33,15,12,8,11,14,8,11,15,33,8,9,10,11,11,10,13,15,33,15,14,13,12,14,12,9,8,33,20,21,17,16,16,17,18,19,33,21,22,18,17,17,20,21,18,33,22,23,19,18,20,22,23,21,33,23,20,16,19,22,16,19,23,33,16,17,18,19,19,18,21,23,33,23,22,21,20,22,20,17,16,33,28,29,25,24,24,25,26,27,33,29,30,26,25,25,28,29,26,33,30,31,27,26,28,30,31,29,33,31,28,24,27,30,24,27,31,33,24,25,26,27,27,26,29,31,33,31,30,29,28,30,28,25,24,33,36,37,33,32,32,33,34,35,33,37,38,34,33,33,36,37,34,33,38,39,35,34,36,38,39,37,33,39,36,32,35,38,32,35,39,33,32,33,34,35,35,34,37,39,33,39,38,37,36,38,36,33,32]
}