{
    "uvs": [],
    "name": "Cube.064Geometry",
    "normals": [-0.8493,0.264748,-0.456679,-0.0393078,0.993255,-0.109012,0.782312,0.321055,-0.533738,-0.0274667,-0.434248,-0.900357,0.0290536,-0.99646,-0.0787072,-0.786798,-0.377606,0.488205,0.848628,-0.325755,0.41673,0.0348521,0.252358,0.966979,0.802698,0.211249,-0.557665,-0.00375378,-0.5927,-0.805383,-0.830958,0.171758,-0.52913,-0.0315561,0.955901,-0.29194,0.039552,-0.977416,0.207434,-0.785882,-0.249031,0.565996,0.844661,-0.195288,0.498367,0.0168767,0.523057,0.852107,0.825465,0.151097,-0.54384,0.0229804,-0.653706,-0.756371,-0.807031,0.128574,-0.576312,-0.00665304,0.931242,-0.364299,0.0114444,-0.936186,0.351299,-0.818628,-0.158605,0.551927,0.814051,-0.131291,0.565722,-0.0184027,0.643086,0.765557,0.861385,0.119755,-0.493576,0.0577105,-0.6798,-0.731071,-0.765618,0.120975,-0.631794,0.0303964,0.918119,-0.395093,-0.0136113,-0.925108,0.379406,-0.839717,-0.133702,0.526261,0.791498,-0.120518,0.599139,-0.0426344,0.666402,0.744346],
    "vertices": [-0.00192798,0.42381,0.391981,-0.0047177,0.421148,0.390919,-0.00010891,0.377177,0.456669,0.00274121,0.379256,0.458554,0.00092942,0.421346,0.390653,-0.0018603,0.418684,0.389591,0.00269064,0.375261,0.45455,0.00554076,0.37734,0.456435,-0.0059378,0.456644,0.310065,-0.00871403,0.453866,0.309309,-0.00517266,0.424482,0.383659,-0.00238388,0.427152,0.384706,-0.00305827,0.453976,0.309297,-0.0058345,0.451197,0.308541,-0.00231409,0.42201,0.38235,0.00047469,0.424679,0.383397,-0.00514,0.478442,0.224714,-0.0079162,0.475657,0.223979,-0.00874463,0.455981,0.301577,-0.00596845,0.458762,0.302323,-0.00226148,0.475729,0.224117,-0.00503768,0.472945,0.223382,-0.00586492,0.453301,0.30085,-0.00308873,0.456083,0.301596,8.103e-05,0.497342,0.138862,-0.0026867,0.494582,0.13801,-0.00773963,0.477538,0.216196,-0.00496347,0.480322,0.216933,0.00294129,0.49456,0.13858,0.00017356,0.4918,0.137728,-0.00486147,0.474822,0.215615,-0.00208531,0.477606,0.216351],
    "metadata": {
        "uvs": 0,
        "type": "Geometry",
        "version": 3,
        "normals": 32,
        "generator": "io_three",
        "vertices": 32,
        "faces": 24
    },
    "faces": [33,1,0,4,5,0,1,2,3,33,5,6,2,1,3,4,5,0,33,6,7,3,2,4,6,7,5,33,0,3,7,4,1,7,6,2,33,0,1,2,3,1,0,5,7,33,7,6,5,4,6,4,3,2,33,12,13,9,8,8,9,10,11,33,13,14,10,9,9,12,13,10,33,14,15,11,10,12,14,15,13,33,15,12,8,11,14,8,11,15,33,8,9,10,11,11,10,13,15,33,15,14,13,12,14,12,9,8,33,20,21,17,16,16,17,18,19,33,21,22,18,17,17,20,21,18,33,22,23,19,18,20,22,23,21,33,23,20,16,19,22,16,19,23,33,16,17,18,19,19,18,21,23,33,23,22,21,20,22,20,17,16,33,28,29,25,24,24,25,26,27,33,29,30,26,25,25,28,29,26,33,30,31,27,26,28,30,31,29,33,31,28,24,27,30,24,27,31,33,24,25,26,27,27,26,29,31,33,31,30,29,28,30,28,25,24]
}