{
    "uvs": [],
    "name": "Cube.067Geometry",
    "normals": [-0.755547,0.654744,-0.019715,0.0491043,0.599872,0.798578,0.869747,0.493423,-0.00241096,0.0613117,0.549486,-0.833247,-0.0343028,-0.552202,-0.832972,-0.855922,-0.516648,-0.0203559,0.772759,-0.634663,-0.0028077,-0.0549943,-0.598498,0.799188,0.841823,0.517106,-0.154607,0.0180059,0.311197,-0.950163,-0.792352,0.590381,-0.15363,0.0395215,0.79339,0.60741,-0.0480056,-0.6845,-0.727409,-0.863247,-0.497055,0.0876492,0.765038,-0.635914,0.101413,-0.0429701,-0.456343,0.88873,0.792901,0.463057,-0.396039,-0.0307321,-0.099002,-0.994598,-0.837825,0.427961,-0.338847,-0.0105899,0.970336,0.241401,-0.00640889,-0.907682,-0.419568,-0.817194,-0.480667,0.318003,0.823328,-0.488083,0.289529,0.0200201,-0.105075,0.994232],
    "vertices": [-0.00083135,0.215231,0.53317,-0.00363038,0.215372,0.530316,-0.0107205,0.135596,0.530144,-0.00793792,0.135286,0.533001,0.00199351,0.214765,0.530377,-0.00080552,0.214906,0.527523,-0.00785627,0.135574,0.527352,-0.00507373,0.135264,0.530209,0.00523649,0.30173,0.51554,0.00236461,0.30078,0.512923,-0.00279481,0.223291,0.529767,1.243e-05,0.223228,0.532616,0.00801916,0.300622,0.512889,0.00514729,0.299671,0.510272,2.537e-05,0.222781,0.526977,0.00283261,0.222717,0.529826,0.0031331,0.373526,0.464178,0.00028088,0.371478,0.462263,0.00252326,0.308157,0.509896,0.0053976,0.309225,0.512465,0.00593095,0.371635,0.462034,0.00307873,0.369586,0.460119,0.00530434,0.306974,0.507276,0.00817869,0.308041,0.509845],
    "metadata": {
        "uvs": 0,
        "type": "Geometry",
        "version": 3,
        "normals": 24,
        "generator": "io_three",
        "vertices": 24,
        "faces": 18
    },
    "faces": [33,1,0,4,5,0,1,2,3,33,5,6,2,1,3,4,5,0,33,6,7,3,2,4,6,7,5,33,0,3,7,4,1,7,6,2,33,0,1,2,3,1,0,5,7,33,7,6,5,4,6,4,3,2,33,12,13,9,8,8,9,10,11,33,13,14,10,9,9,12,13,10,33,14,15,11,10,12,14,15,13,33,15,12,8,11,14,8,11,15,33,8,9,10,11,11,10,13,15,33,15,14,13,12,14,12,9,8,33,20,21,17,16,16,17,18,19,33,21,22,18,17,17,20,21,18,33,22,23,19,18,20,22,23,21,33,23,20,16,19,22,16,19,23,33,16,17,18,19,19,18,21,23,33,23,22,21,20,22,20,17,16]
}