{
    "uvs": [],
    "name": "Cube.070Geometry",
    "normals": [-0.857692,0.487594,0.162908,-0.0535295,0.282754,0.957671,0.770867,0.598468,0.218116,-0.03708,0.807794,-0.588275,0.0564898,-0.219214,-0.974029,-0.758599,-0.603076,-0.246529,0.867428,-0.463576,-0.18067,0.0491043,-0.843745,0.534471,0.802149,0.580737,0.138737,-0.00305185,0.729453,-0.683981,-0.830348,0.54741,0.104007,-0.0301523,0.401563,0.915311,0.0388501,-0.344523,-0.937956,-0.785913,-0.595569,-0.166143,0.845027,-0.520676,-0.121647,0.0155644,-0.769555,0.638356,0.837886,0.541917,0.0650044,0.0320749,0.644032,-0.764306,-0.793847,0.606464,0.0440992,0.00601215,0.505997,0.862484,0.00753807,-0.45613,-0.889859,-0.820124,-0.565111,-0.0894803,0.812799,-0.579119,-0.0628376,-0.020539,-0.687033,0.72631],
    "vertices": [-0.00646914,-0.0460738,0.501342,-0.00925692,-0.0454059,0.498552,-0.00241942,-0.120076,0.470542,0.00038917,-0.120969,0.473247,-0.003613,-0.0450668,0.498729,-0.00640077,-0.044399,0.495939,0.00039952,-0.118662,0.468082,0.00320811,-0.119555,0.470786,-0.0100628,0.0396557,0.522106,-0.0128421,0.0401271,0.519268,-0.00977309,-0.0377544,0.500871,-0.00698667,-0.0384023,0.503666,-0.00718652,0.0401796,0.519376,-0.0099658,0.040651,0.516538,-0.00691407,-0.03679,0.498244,-0.00412765,-0.0374379,0.50104,-0.00837479,0.127282,0.532539,-0.0111567,0.127604,0.529683,-0.0129159,0.0480259,0.520626,-0.0101368,0.0475699,0.523466,-0.0055081,0.127306,0.529749,-0.00829,0.127628,0.526893,-0.0100392,0.0485047,0.517888,-0.00726004,0.0480487,0.520729],
    "metadata": {
        "uvs": 0,
        "type": "Geometry",
        "version": 3,
        "normals": 24,
        "generator": "io_three",
        "vertices": 24,
        "faces": 18
    },
    "faces": [33,1,0,4,5,0,1,2,3,33,5,6,2,1,3,4,5,0,33,6,7,3,2,4,6,7,5,33,0,3,7,4,1,7,6,2,33,0,1,2,3,1,0,5,7,33,7,6,5,4,6,4,3,2,33,12,13,9,8,8,9,10,11,33,13,14,10,9,9,12,13,10,33,14,15,11,10,12,14,15,13,33,15,12,8,11,14,8,11,15,33,8,9,10,11,11,10,13,15,33,15,14,13,12,14,12,9,8,33,20,21,17,16,16,17,18,19,33,21,22,18,17,17,20,21,18,33,22,23,19,18,20,22,23,21,33,23,20,16,19,22,16,19,23,33,16,17,18,19,19,18,21,23,33,23,22,21,20,22,20,17,16]
}