{
    "uvs": [],
    "name": "Cube.072Geometry",
    "normals": [-0.878323,0.377728,0.292947,-0.0511185,0.00433363,0.998657,0.743583,0.553056,0.375774,-0.0834071,0.936155,-0.341502,0.0402844,0.0747093,-0.996368,-0.748405,-0.530992,-0.39732,0.874722,-0.363414,-0.320597,0.0873745,-0.960173,0.265267,0.749229,0.590838,0.299142,-0.0658284,0.877346,-0.475265,-0.874447,0.43025,0.224006,-0.0614948,0.150487,0.986694,0.0579241,-0.0800806,-0.995086,-0.743828,-0.583392,-0.32609,0.878384,-0.410657,-0.244453,0.0753502,-0.908109,0.411878],
    "vertices": [0.0112894,-0.205104,0.427597,0.00843654,-0.203872,0.425079,0.0175851,-0.2671,0.377103,0.0204887,-0.268683,0.379353,0.0140525,-0.203259,0.42537,0.0111997,-0.202027,0.422851,0.0203043,-0.264951,0.375105,0.023208,-0.266535,0.377355,0.00121754,-0.128246,0.469942,-0.00159392,-0.127328,0.467249,0.00748488,-0.197182,0.429362,0.0103332,-0.198382,0.4319,0.00403209,-0.126793,0.467499,0.00122064,-0.125875,0.464805,0.0102527,-0.19537,0.427113,0.0131011,-0.19657,0.429652],
    "metadata": {
        "uvs": 0,
        "type": "Geometry",
        "version": 3,
        "normals": 16,
        "generator": "io_three",
        "vertices": 16,
        "faces": 12
    },
    "faces": [33,1,0,4,5,0,1,2,3,33,5,6,2,1,3,4,5,0,33,6,7,3,2,4,6,7,5,33,0,3,7,4,1,7,6,2,33,0,1,2,3,1,0,5,7,33,7,6,5,4,6,4,3,2,33,12,13,9,8,8,9,10,11,33,13,14,10,9,9,12,13,10,33,14,15,11,10,12,14,15,13,33,15,12,8,11,14,8,11,15,33,8,9,10,11,11,10,13,15,33,15,14,13,12,14,12,9,8]
}