{
    "uvs": [],
    "name": "Cube.074Geometry",
    "normals": [-0.820246,0.275826,0.501083,0.040437,-0.352489,0.934904,0.811548,0.350627,0.46733,-0.0394909,0.998932,0.0227973,-0.065157,0.45909,-0.885983,-0.848109,-0.287332,-0.445112,0.781182,-0.263771,-0.565813,0.00997955,-0.990265,-0.138737,0.761498,0.476974,0.438826,-0.0804773,0.98056,-0.178808,-0.864345,0.328776,0.380505,-0.0185552,-0.16071,0.986816,-0.00018311,0.252266,-0.96765,-0.780877,-0.436201,-0.447127,0.848445,-0.318796,-0.422437,0.0732139,-0.993713,0.0843837],
    "vertices": [0.027738,-0.333946,0.308778,0.0247786,-0.331848,0.307092,0.0230179,-0.372549,0.238852,0.0259535,-0.375117,0.239738,0.0304257,-0.331515,0.307084,0.0274663,-0.329418,0.305398,0.0257112,-0.369969,0.237405,0.0286468,-0.372538,0.238291,0.0213121,-0.274624,0.373992,0.018403,-0.273002,0.371777,0.0244647,-0.327017,0.313432,0.0274212,-0.329068,0.315179,0.0240276,-0.272449,0.372019,0.0211185,-0.270826,0.369804,0.0271537,-0.324606,0.311712,0.0301101,-0.326657,0.313459],
    "metadata": {
        "uvs": 0,
        "type": "Geometry",
        "version": 3,
        "normals": 16,
        "generator": "io_three",
        "vertices": 16,
        "faces": 12
    },
    "faces": [33,1,0,4,5,0,1,2,3,33,5,6,2,1,3,4,5,0,33,6,7,3,2,4,6,7,5,33,0,3,7,4,1,7,6,2,33,0,1,2,3,1,0,5,7,33,7,6,5,4,6,4,3,2,33,12,13,9,8,8,9,10,11,33,13,14,10,9,9,12,13,10,33,14,15,11,10,12,14,15,13,33,15,12,8,11,14,8,11,15,33,8,9,10,11,11,10,13,15,33,15,14,13,12,14,12,9,8]
}