{
    "uvs": [],
    "name": "Cube.010Geometry",
    "normals": [-0.721702,0.198187,0.663198,0.121799,-0.571856,0.811243,0.893307,0.168157,0.41673,0.0678732,0.963469,0.259041,-0.139988,0.681082,-0.71865,-0.936003,-0.0922269,-0.33961,0.644612,-0.167943,-0.745811,-0.131443,-0.915952,-0.379101],
    "vertices": [0.0251603,-0.378364,0.232398,0.0222354,-0.375751,0.231612,0.00656401,-0.397355,0.15714,0.00923655,-0.400305,0.156745,0.027856,-0.375775,0.230973,0.0249311,-0.373161,0.230188,0.00929311,-0.394714,0.155884,0.0119656,-0.397664,0.155489],
    "metadata": {
        "uvs": 0,
        "type": "Geometry",
        "version": 3,
        "normals": 8,
        "generator": "io_three",
        "vertices": 8,
        "faces": 6
    },
    "faces": [33,1,0,4,5,0,1,2,3,33,5,6,2,1,3,4,5,0,33,6,7,3,2,4,6,7,5,33,0,3,7,4,1,7,6,2,33,0,1,2,3,1,0,5,7,33,7,6,5,4,6,4,3,2]
}