{
    "uvs": [],
    "name": "Cube.139Geometry",
    "normals": [-0.985168,-0.16718,-0.0381787,-0.561113,0.634602,0.531419,-0.655721,0.752953,-0.0550859,-0.812952,-0.301706,-0.498032,-0.415387,-0.298868,0.859127,-0.417768,-0.771386,0.479995,0.548784,-0.638478,0.539537,0.338237,0.358257,0.870174,-0.260567,0.283303,0.922941,0.300272,0.953642,-0.0193487,0.812952,0.301706,0.498032,0.417768,0.771386,-0.479995,0.260567,-0.283303,-0.922941,0.655721,-0.752953,0.0550859],
    "vertices": [-0.00149191,-0.393916,0.13494,-0.00285353,-0.40305,0.131104,0.00056867,-0.407118,0.139574,0.00193029,-0.397984,0.14341,0.00780511,-0.393757,0.13126,0.00644349,-0.402891,0.127424,0.00986569,-0.406958,0.135894,0.0112273,-0.397824,0.13973,-0.00625758,-0.425886,0.121514,-0.00283538,-0.429953,0.129984,0.00303943,-0.425726,0.117834,0.00646163,-0.429794,0.126304,0.0310476,-0.393358,0.122061,0.029686,-0.402492,0.118225,0.0331082,-0.40656,0.126695,0.0344699,-0.397426,0.130531,-0.0100474,-0.383748,0.113764,-0.011409,-0.392882,0.109928,-0.0007504,-0.383589,0.110084,-0.00211202,-0.392723,0.106248],
    "metadata": {
        "uvs": 0,
        "type": "Geometry",
        "version": 3,
        "normals": 14,
        "generator": "io_three",
        "vertices": 20,
        "faces": 18
    },
    "faces": [33,1,0,16,17,0,1,2,3,33,2,1,8,9,4,0,3,5,33,6,7,3,2,6,7,8,4,33,0,3,7,4,1,8,7,9,33,0,1,2,3,1,0,4,8,33,4,7,15,12,9,7,10,11,33,10,11,9,8,12,13,5,3,33,6,2,9,11,6,4,5,13,33,5,6,11,10,12,6,13,12,33,1,5,10,8,0,12,12,3,33,15,14,13,12,10,13,12,11,33,7,6,14,15,7,6,13,10,33,6,5,13,14,6,12,12,13,33,5,4,12,13,12,9,11,12,33,18,19,17,16,11,12,3,2,33,5,1,17,19,12,0,3,12,33,4,5,19,18,9,12,12,11,33,0,4,18,16,1,9,11,2]
}